tourney_name,count
US Open,238
Wimbledon,235
Australian Open,228
Roland Garros,192
Tokyo,125
Newport,119
Washington,111
Queen's Club,107
Kitzbuhel,96
Casablanca,92
Estoril,87
Indianapolis,86
Barcelona,85
Bastad,82
Umag,82
Indian Wells Masters,81
Stockholm,80
Canada Masters,78
Gstaad,77
Delray Beach,77
Los Angeles,75
San Jose,72
Stuttgart,72
St. Petersburg,72
Bucharest,71
Halle,69
Miami Masters,68
Chennai,66
Auckland,65
Munich,63
Bangkok,62
Marseille,59
Moscow,58
Memphis,57
's-Hertogenbosch,54
Nottingham,53
Zagreb,53
Buenos Aires,53
Beijing,53
Houston,51
Dubai,51
Metz,50
Vienna,47
Costa Do Sauipe,47
Amersfoort,43
s-Hertogenbosch,43
Acapulco,41
Vina del Mar,38
Sopot,37
Valencia,37
Sydney,36
Doha,36
Rotterdam,36
Basel,36
Monte Carlo Masters,35
Bogota,34
Kuala Lumpur,33
Rome Masters,29
Cincinnati Masters,29
Atlanta,29
St. Poelten,28
Shanghai Masters,27
Scottsdale,26
Palermo,25
Santiago,25
Lyon,25
Shanghai,24
Paris Masters,23
Brisbane,22
Johannesburg,22
Eastbourne,22
New Haven,21
Belgrade,20
Hamburg Masters,20
Tashkent,19
Dusseldorf,18
Hamburg,18
Milan,17
Nice,17
Amsterdam,16
Montpellier,13
Madrid Masters,13
Copenhagen,13
Wrexham CH,12
Poertschach,12
Mumbai,12
Shenzhen,12
Winston-Salem,12
Mallorca,12
Long Island,12
Adelaide,11
Beijing Olympics,11
Curitiba CH,11
Hong Kong,10
San Marino,10
Brighton,9
Davis Cup G1 R1: THA vs KOR,8
Davis Cup G1 PO: PER vs ECU,8
Sao Paulo,8
Davis Cup G2 R1: NZL vs LIB,8
Las Vegas,8
Davis Cup G2 R2: INA vs THA,7
Davis Cup G2 R3: PHI vs NZL,7
Davis Cup G2 R1: HKG vs INA,7
Davis Cup G1 R1: DOM vs URU,7
Davis Cup G1 PO: THA vs CHN,7
Davis Cup G2 PO: NOR vs MON,7
Athens Olympics,6
Davis Cup G2 R1: HUN vs MON,6
Orlando,6
Ho Chi Minh City,6
Davis Cup G1 PO: TPE vs CHN,6
Davis Cup G2 R2: PAR vs MEX,6
Davis Cup G2 R1: LAT vs BUL,6
Toulouse,5
Sydney Olympics,5
Davis Cup G1 PO: CHN vs THA,5
Davis Cup G1 R2: UZB vs KOR,5
Sopot - WS,5
Davis Cup G2 R2: PHI vs PAK,5
Davis Cup G2 R1: PAR vs ESA,5
Davis Cup G2 PO: GUA vs AHO,5
Warsaw,5
Davis Cup G2 F: MEX vs DOM,4
Davis Cup G2 R2: KOR vs LIB,4
Davis Cup G2 R1: NOR vs SLO,4
Davis Cup G2 R1: PHI vs CHN,4
Davis Cup G1 R1: NZL vs IND,4
Davis Cup G2 R1: LIB vs IRI,4
Davis Cup G1 R1: INA vs JPN,4
Davis Cup G1 R3: UZB vs JPN,4
Davis Cup G1 R2: JPN vs CHN,4
Davis Cup G1 R1: TPE vs UZB,4
Davis Cup G2 R1: IRL vs HUN,4
Davis Cup G2 R1: HAI vs URU,4
Davis Cup G1 PO: KOR vs CHN,4
Davis Cup G2 PO: EGY vs GEO,4
Davis Cup G1 PO: PAK vs NZL,4
Davis Cup G2 F: ITA vs POL,4
Davis Cup G2 R2: POR vs SCG,4
Davis Cup G2 R2: ITA vs BUL,4
Davis Cup G2 R1: BUL vs EGY,4
Davis Cup G2 R1: SCG vs LAT,4
Davis Cup G2 R2: DOM vs URU,4
Davis Cup G2 PO: URU vs COL,4
Davis Cup G1 PO: BRA vs PER,4
Davis Cup G2 R1: DEN vs MON,4
Davis Cup G2 R2: RSA vs POR,4
Davis Cup G2 F: DOM vs PAR,4
Davis Cup G2 PO: GBR vs TUR,4
Davis Cup G2 PO: EGY vs DEN,4
Davis Cup G2 PO: HUN vs MKD,4
Davis Cup G1 R2: CAN vs PER,4
Davis Cup G2 R1: BLR vs BUL,4
Davis Cup G2 R1: AND vs GRE,4
Davis Cup G2 R1: MAR vs BIH,4
Davis Cup G2 R1: PER vs AHO,4
Davis Cup G2 R1: CYP vs EGY,4
Davis Cup G2 R1: RSA vs POL,4
Davis Cup G2 R1: POR vs MON,4
Davis Cup G2 R1: PUR vs PAR,4
Davis Cup G2 R1: VEN vs HAI,4
Davis Cup G1 R1: MEX vs CAN,4
Davis Cup G2 R1: IRI vs INA,4
Davis Cup G2 R1: MEX vs AHO,4
Davis Cup G2 R1: POC vs THA,4
Davis Cup G1 R1: NZL vs PAK,4
Davis Cup G2 R2: SLO vs BUL,4
Davis Cup G2 R3: THA vs NZL,4
Davis Cup G2 PO: GEO vs EGY,4
Davis Cup G2 R2: NZL vs PAK,4
Davis Cup G1 PO: VEN vs BRA,4
Davis Cup G1 R1: JPN vs PHI,4
Davis Cup G1 R2: BEL vs ZIM,4
Davis Cup G1 R1: UKR vs LAT,4
Davis Cup G2 R1: MEX vs GUA,4
Davis Cup G1 R2: BRA vs URU,4
Davis Cup WG R1: NED vs CAN,4
Davis Cup G2 R1: THA vs POC,4
Davis Cup WG PO: NED vs IND,4
Davis Cup WG PO: CAN vs BRA,4
Davis Cup G2 R1: SRI vs NZL,4
Davis Cup G2 R3: MEX vs VEN,4
Davis Cup G1 PO: ISR vs ZIM,4
Davis Cup G1 PO: NOR vs FIN,4
Davis Cup G1 PO: VEN vs CHI,4
Davis Cup G1 R2: CHN vs KAZ,4
Davis Cup G1 PO: JPN vs PAK,4
Davis Cup G1 PO: KOR vs UZB,4
Davis Cup G2 PO: UKR vs CIV,4
Davis Cup G2 R2: FIN vs MON,4
Davis Cup G2 PO: COL vs BAH,4
Davis Cup G2 R1: ALG vs IRL,4
Davis Cup G2 R1: INA vs MAS,4
Davis Cup G2 R1: NGR vs POL,4
Davis Cup G2 F: DOM vs COL,4
Davis Cup G2 R1: NOR vs HUN,4
Davis Cup G2 R2: FIN vs LAT,4
Davis Cup G2 R2: HUN vs MON,4
Davis Cup G2 PO: NGR vs UKR,4
Davis Cup G2 PO: CYP vs BUL,4
Davis Cup G1 R2: ITA vs LUX,4
Davis Cup G1 R2: MAR vs CZE,4
Davis Cup G1 R1: LUX vs POR,4
Davis Cup G2 PO: NOR vs ALG,4
Davis Cup G1 PO: IND vs PAK,4
Davis Cup G1 R2: THA vs JPN,4
Davis Cup G1 R1: TPE vs AUS,4
Davis Cup G1 R1: KOR vs IND,4
Davis Cup G1 PO: VEN vs ECU,4
Davis Cup G1 PO: CAN vs VEN,4
Davis Cup G1 R1: KAZ vs THA,4
Davis Cup G1 R1: PHI vs JPN,4
Davis Cup G2 R1: EST vs SLO,4
Davis Cup G2 R2: KAZ vs NZL,4
Davis Cup G1 R1: URU vs COL,4
Davis Cup G2 R1: MAR vs DEN,4
Davis Cup G1 R1: TPE vs THA,4
Davis Cup G1 R2: JPN vs THA,4
Davis Cup G1 R2: KOR vs UZB,4
Davis Cup WG PO: AUT vs BRA,4
Davis Cup G1 R1: GEO vs POR,4
Davis Cup G1 R2: MKD vs SVK,4
Davis Cup G2 PO: LAT vs RSA,4
Davis Cup G2 PO: EGY vs CYP,4
Davis Cup G1 PO: MKD vs LUX,4
Davis Cup G2 R1: ECU vs AHO,4
Davis Cup G2 R1: URU vs JAM,4
Davis Cup G2 R2: FIN vs ALG,4
Davis Cup G2 R1: NZL vs POC,4
Davis Cup G2 R2: KUW vs INA,4
Davis Cup G2 R1: FIN vs IRL,4
Davis Cup G2 R1: GRE vs MKD,4
Davis Cup G2 F: KUW vs PHI,4
Davis Cup G2 PO: IRI vs HKG,4
Davis Cup G2 F: KAZ vs INA,4
Davis Cup G1 R1: CAN vs MEX,4
Davis Cup G2 R1: CHN vs LIB,4
Davis Cup G2 PO: UKR vs IRL,4
Davis Cup G2 R1: GHA vs FIN,4
Davis Cup G2 PO: AHO vs BOL,4
Davis Cup WG PO: SVK vs SRB,4
Davis Cup G1 PO: LUX vs MAR,4
Davis Cup G1 R2: ITA vs MAR,4
Davis Cup G1 PO: THA vs KAZ,4
Davis Cup G1 PO: MEX vs PAR,4
Davis Cup G1 R1: RSA vs MKD,4
Davis Cup G1 R2: RSA vs BLR,4
Davis Cup G1 R2: GBR vs UKR,4
Davis Cup G1 R2: BEL vs POL,4
Davis Cup G1 PO: BLR vs MKD,4
Davis Cup G2 R1: MEX vs JAM,4
Davis Cup WG PO: CHI vs PAK,4
Davis Cup G2 R1: VEN vs AHO,4
Davis Cup G2 R2: NZL vs INA,4
Davis Cup G2 R1: LTU vs GEO,4
Davis Cup G2 R1: SLO vs EGY,4
Davis Cup WG PO: AUS vs MAR,4
Davis Cup G2 R1: DEN vs FIN,4
Davis Cup G1 PO: THA vs INA,4
Davis Cup G2 PO: TUN vs SLO,4
Davis Cup G2 R1: AHO vs ECU,4
Davis Cup G2 R1: UKR vs NOR,4
Davis Cup G2 R1: BAH vs VEN,4
Davis Cup G2 R1: LUX vs DEN,4
Davis Cup G2 R1: CYP vs SLO,4
Davis Cup G2 F: URU vs BRA,4
Davis Cup WG R1: PER vs ESP,4
Davis Cup G2 R2: KOR vs POC,4
Davis Cup G2 R1: POC vs LIB,4
Davis Cup G2 R1: IRI vs KUW,4
Davis Cup G1 R2: URU vs BRA,4
Davis Cup G2 R2: BAH vs PAR,4
Davis Cup G2 R1: CUB vs URU,4
Davis Cup G2 R1: COL vs BRA,4
Davis Cup G2 R2: INA vs CHN,4
Davis Cup G2 R2: MON vs ALG,4
Davis Cup G2 R2: POR vs CYP,4
Davis Cup G2 R2: SLO vs LAT,4
Davis Cup G2 R2: UKR vs HUN,4
Davis Cup G2 PO: GRE vs HUN,4
Davis Cup G2 R1: EST vs POR,4
Davis Cup G1 R2: ECU vs CAN,4
Davis Cup G1 R1: UZB vs INA,4
Davis Cup G2 R1: YUG vs RSA,4
Davis Cup WG PO: USA vs IND,4
Davis Cup G2 R1: MEX vs PUR,4
Davis Cup G1 PO: DEN vs ESP,4
Davis Cup WG R1: USA vs SVK,4
Davis Cup G1 R2: RUS vs ESP,4
Davis Cup G1 PO: ZIM vs SLO,4
Davis Cup G1 PO: INA vs CHN,4
Davis Cup G2 SF: GRE vs SLO,4
Davis Cup G1 R2: COL vs URU,4
Davis Cup G2 PO: TUR vs LTU,4
Davis Cup G1 R2: UKR vs SWE,4
Davis Cup G2 PO: EST vs EGY,4
Davis Cup G1 R1: SVK vs SLO,4
Davis Cup G1 R1: RUS vs DEN,4
Davis Cup G1 R2: NZL vs IND,4
Davis Cup G1 R1: ZIM vs POR,4
Davis Cup G2 QF: IRL vs CRO,4
Davis Cup G2 PO: MAR vs MON,4
Davis Cup G2 R1: POL vs EST,4
Davis Cup G2 R1: LUX vs IRL,4
Davis Cup G2 R2: CHI vs MEX,4
Davis Cup G2 R1: CHI vs PER,4
Davis Cup G2 R3: INA vs PHI,4
Davis Cup G2 QF: KAZ vs PHI,4
Davis Cup G2 QF: CHN vs KUW,4
Davis Cup G1 QF: LIB vs IND,4
Davis Cup G2 R3: DOM vs MEX,4
Davis Cup G2 R1: DOM vs BOL,4
Davis Cup G2 R1: VEN vs CRC,4
Davis Cup G2 R1: SLO vs GHA,4
Davis Cup G2 R1: VEN vs PUR,4
Davis Cup G2 R2: MEX vs BAR,4
Davis Cup G2 PO: INA vs HKG,4
Davis Cup G2 SF: LUX vs ISR,4
Davis Cup G2 R2: PAK vs NZL,4
Davis Cup WG PO: SWE vs IND,4
Davis Cup G2 PO: CHI vs PAR,4
Davis Cup G2 R1: BLR vs IRL,4
Davis Cup G1 SF: BAH vs CHI,4
Davis Cup G1 R2: JPN vs KOR,4
Davis Cup G1 R1: UKR vs POR,4
Davis Cup G1 PO: TPE vs INA,4
Davis Cup G2 R3: BAR vs MEX,4
Davis Cup G2 R1: TUR vs GRE,4
Davis Cup WG QF: BEL vs CAN,4
Davis Cup G2 R1: IRL vs DEN,4
Davis Cup G2 R1: THA vs HKG,4
Davis Cup G2 R1: KUW vs INA,4
Davis Cup G1 QF: INA vs UZB,4
Davis Cup G2 R3: THA vs PAK,4
Davis Cup G1 QF: ARG vs MEX,4
Davis Cup G2 R1: MAR vs LUX,4
Davis Cup G2 R1: DEN vs CYP,4
Davis Cup G2 PO: HUN vs LUX,4
Davis Cup G2 SF: URU vs AHO,4
Davis Cup G2 QF: PHI vs INA,4
Davis Cup G2 QF: HKG vs PAK,4
Davis Cup WG R1: AUS vs GBR,4
Davis Cup G2 R1: BIH vs LUX,4
Davis Cup G2 R3: DEN vs MDA,4
Davis Cup G2 QF: CRC vs MEX,4
Davis Cup G2 PO: MAR vs CYP,4
Davis Cup G2 QF: DEN vs HUN,4
Davis Cup G2 QF: GRE vs ARM,4
Davis Cup G2 PO: KUW vs SYR,4
Davis Cup G2 PO: MON vs IRL,4
Davis Cup G1 PO: SVK vs SWE,4
Davis Cup WG R1: BEL vs SUI,4
Davis Cup G1 QF: BAH vs VEN,4
Davis Cup G1 R1: POR vs UKR,4
Davis Cup WG PO: GER vs VEN,4
Davis Cup G1 R1: ECU vs COL,4
Davis Cup G1 SF: CAN vs CHI,4
Davis Cup G2 PO: URU vs ESA,4
Davis Cup WG R1: SRB vs SWE,4
Stuttgart Outdoor,4
Davis Cup G2 QF: CIV vs BUL,4
London Olympics,4
Davis Cup G1 PO: UZB vs KOR,4
Davis Cup G1 PO: INA vs LIB,4
Davis Cup G1 PO: LIB vs KOR,4
Davis Cup WG PO: AUS vs IND,4
Davis Cup G2 PO: ESA vs AHO,4
Davis Cup WG PO: SUI vs NED,4
Davis Cup G2 PO: RSA vs HUN,4
Davis Cup G2 PO: EGY vs MDA,4
Davis Cup WG PO: ZIM vs BEL,4
Davis Cup G1 PO: MEX vs COL,4
Davis Cup G2 PO: LAT vs UKR,4
Davis Cup G1 PO: MEX vs CHI,4
Davis Cup G2 PO: ZIM vs MDA,4
Davis Cup G2 PO: LTU vs MAR,4
Davis Cup G2 SF: GUA vs MEX,4
Davis Cup G1 PO: BLR vs POR,4
Davis Cup G2 PO: POC vs IRI,4
Davis Cup G1 PO: PHI vs TPE,4
Davis Cup G1 SF: PER vs ECU,4
Davis Cup G1 R2: GBR vs BEL,4
Mexico City,4
Davis Cup G2 F: INA vs TPE,4
Davis Cup G1 PO: NZL vs PHI,4
Davis Cup G2 QF: COL vs CUB,4
Davis Cup G1 PO: ISR vs GRE,4
Davis Cup G2 R1: POL vs MAD,4
Davis Cup G1 PO: COL vs ARG,4
Davis Cup G2 SF: PAK vs TPE,4
Davis Cup G2 R1: INA vs IRI,4
Davis Cup G1 PO: ITA vs POR,4
Davis Cup G2 R1: CYP vs MAR,4
Davis Cup G2 R3: PAK vs TPE,4
Davis Cup G2 SF: MAS vs INA,4
Davis Cup G1 R2: NED vs ROU,4
Davis Cup G1 R1: AUS vs CHN,4
Davis Cup G2 SF: TPE vs PAK,4
Davis Cup G1 QF: BEL vs GRE,4
Davis Cup G1 R1: ISR vs LUX,3
Davis Cup G1 PO: MEX vs VEN,3
Davis Cup G1 PO: BAR vs URU,3
Davis Cup G2 R2: DEN vs LUX,3
Davis Cup G2 R1: MON vs GRE,3
Davis Cup G2 R1: ALG vs HUN,3
Davis Cup G1 PO: MEX vs URU,3
Davis Cup G2 PO: IRI vs KUW,3
Davis Cup G2 R2: FIN vs BIH,3
Davis Cup G2 F: PAR vs ECU,3
Davis Cup G1 R1: CHN vs JPN,3
Davis Cup G1 R2: SVK vs GEO,3
Davis Cup G1 PO: VEN vs COL,3
Davis Cup G2 R2: ECU vs DOM,3
Davis Cup G2 R1: NOR vs LTU,3
Davis Cup G2 R1: POR vs TUN,3
Davis Cup G2 R1: RSA vs MON,3
Davis Cup WG R1: ARG vs GBR,3
Davis Cup G1 R1: SVK vs LAT,3
Davis Cup G1 PO: LAT vs AUT,3
Davis Cup G2 R1: BIH vs GRE,3
Davis Cup G1 R2: MKD vs NED,3
Davis Cup G1 R2: BLR vs SUI,3
Davis Cup G2 R1: FIN vs BUL,3
Davis Cup G1 R2: BRA vs COL,3
Davis Cup G2 R1: GRE vs UKR,3
Davis Cup G2 PO: SRI vs LIB,3
Davis Cup G2 F: LAT vs MON,3
Davis Cup G2 R1: LUX vs MAD,3
Davis Cup G2 PO: ESA vs CUB,3
Davis Cup G1 R1: ROU vs ISR,3
Davis Cup G2 R1: HUN vs MDA,3
Davis Cup G2 R1: KUW vs IRI,3
Davis Cup G1 PO: ISR vs SLO,3
Davis Cup G2 R2: NZL vs PHI,3
Davis Cup G2 PO: DEN vs EST,3
Davis Cup G2 F: POL vs MAR,3
Davis Cup G2 PO: GRE vs BUL,3
Davis Cup G2 R2: INA vs PAK,3
Davis Cup G2 R1: PUR vs ESA,3
Davis Cup G2 R2: GRE vs POL,3
Davis Cup G2 R1: ALG vs MON,3
Davis Cup G2 R1: CYP vs FIN,3
Davis Cup G2 R2: VEN vs ESA,3
Davis Cup G2 R1: PHI vs SRI,3
Davis Cup G2 R1: TPE vs LIB,3
Davis Cup G2 PO: JAM vs AHO,3
Davis Cup G2 R2: URU vs ECU,3
Davis Cup G2 R1: DOM vs ESA,3
Davis Cup G2 R2: TUR vs BLR,3
Davis Cup G2 R1: BOL vs DOM,3
Davis Cup G2 PO: IRL vs EGY,3
Davis Cup G2 R1: KUW vs POC,3
Davis Cup G2 R1: INA vs HKG,3
Davis Cup G1 PO: ITA vs LUX,3
Davis Cup G1 R1: SUI vs POL,3
Davis Cup G1 R1: MKD vs LAT,3
Davis Cup G2 PO: LAT vs MAD,3
Istanbul,3
Davis Cup G2 R3: CHI vs VEN,3
Quito,3
Geneva,3
Davis Cup G2 R3: BUL vs HUN,3
Davis Cup G1 R2: DOM vs ECU,3
Davis Cup G2 R2: LUX vs BUL,3
Davis Cup G1 PO: BAR vs ECU,3
Davis Cup G1 R1: NZL vs CHN,3
Davis Cup G1 R2: CHN vs AUS,3
Davis Cup G2 R2: MON vs LAT,3
Davis Cup G2 R2: RSA vs DEN,3
Davis Cup G1 R1: KAZ vs KOR,3
Davis Cup WG QF: CHI vs CZE,3
Davis Cup G2 R1: PAK vs HKG,3
Davis Cup G1 R2: UZB vs IND,3
Davis Cup G2 R1: MAS vs INA,3
Davis Cup G2 R1: EGY vs LAT,3
Davis Cup G2 R1: EST vs LUX,3
Davis Cup G2 R2: HUN vs LAT,3
Davis Cup G2 R3: POL vs BLR,3
Davis Cup G2 R1: BOL vs VEN,3
Davis Cup G2 R1: PER vs ESA,3
Davis Cup G1 R2: RSA vs FIN,3
Davis Cup G1 R1: CHN vs UZB,3
Davis Cup G2 R2: IRL vs UKR,3
Davis Cup G2 PO: EGY vs IRL,3
Davis Cup G1 R1: AUS vs TPE,3
Davis Cup WG R1: CRO vs ECU,3
Davis Cup G2 R1: MKD vs BIH,3
Davis Cup G2 R1: POR vs DEN,3
Davis Cup G2 R1: BAR vs PAR,3
Davis Cup G2 R1: MEX vs ESA,3
Davis Cup G2 R1: IRL vs TUR,3
Davis Cup G2 R2: VEN vs DOM,3
Davis Cup WG PO: SRB vs UZB,3
Davis Cup G2 PO: ESA vs PAR,3
Davis Cup G2 PO: BOL vs ESA,3
Davis Cup G1 R2: AUS vs JPN,3
Davis Cup G2 R1: SRI vs THA,3
Davis Cup G2 R1: PHI vs POC,3
Davis Cup WG PO: JPN vs IND,3
Davis Cup G1 R1: CAN vs COL,3
Davis Cup WG QF: SWE vs SRB,3
Davis Cup G2 R2: PER vs DOM,3
Davis Cup G2 R1: KOR vs SYR,3
Davis Cup G2 R2: KOR vs PAK,3
Davis Cup WG R1: CHI vs USA,3
Davis Cup G2 R1: GRE vs LAT,3
Davis Cup G2 R2: THA vs INA,3
Davis Cup G2 PO: HKG vs SYR,3
Davis Cup G2 R1: IRL vs LUX,3
Davis Cup G2 R2: BIH vs EST,3
Davis Cup WG PO: ROU vs ECU,3
Davis Cup G2 PO: BUL vs CYP,3
Davis Cup G2 PO: MON vs NOR,3
Davis Cup G2 R3: POR vs BIH,3
Davis Cup G2 R2: EST vs BIH,3
Davis Cup G2 R2: IRL vs LTU,3
Davis Cup G1 PO: LAT vs POL,3
Davis Cup G1 PO: BLR vs NED,3
Davis Cup G2 PO: MAS vs POC,3
Davis Cup G2 R3: DEN vs BIH,3
Davis Cup G2 R3: PAR vs PER,3
Davis Cup WG R1: FRA vs ISR,3
Davis Cup G2 PO: MAS vs KUW,3
Davis Cup G2 PO: AHO vs JAM,3
Davis Cup G2 R1: MDA vs HUN,3
Davis Cup G1 PO: GBR vs POL,3
Davis Cup G2 R2: IRL vs FIN,3
Davis Cup G2 R2: POR vs LTU,3
Davis Cup G2 PO: TUN vs BLR,3
Davis Cup G1 R1: UZB vs CHN,3
Davis Cup G1 R2: TPE vs IND,3
Davis Cup G1 PO: PER vs CAN,3
Davis Cup G1 R1: COL vs URU,3
Davis Cup G1 R1: IND vs KOR,3
Davis Cup G1 R1: JPN vs INA,3
Davis Cup G1 PO: IND vs INA,3
Davis Cup WG PO: SUI vs ECU,3
Davis Cup G1 PO: RUS vs RSA,3
Rio de Janeiro,3
Davis Cup G2 PO: VEN vs ESA,3
Davis Cup G2 R1: BAR vs CHI,3
Davis Cup G2 PO: HKG vs LIB,3
Davis Cup G2 R1: BOL vs PER,3
Davis Cup G2 R1: GUA vs MEX,3
Davis Cup G1 PO: KAZ vs PHI,3
Davis Cup G1 PO: PHI vs UZB,3
Davis Cup G1 PO: KAZ vs TPE,3
Davis Cup G2 F: UKR vs POR,3
Davis Cup G2 R1: POR vs BEN,3
Davis Cup G2 R1: PAR vs BAH,3
Davis Cup G2 PO: HUN vs MDA,3
Davis Cup G2 R2: VEN vs MEX,3
Davis Cup G2 R1: ESA vs BAR,3
Davis Cup G2 R1: VEN vs GUA,3
Davis Cup G1 R2: GBR vs RUS,3
Davis Cup G2 R3: FIN vs CYP,3
Davis Cup G2 R1: KUW vs THA,3
Davis Cup G2 R1: PHI vs SYR,3
Davis Cup G2 R2: CYP vs IRL,3
Davis Cup G2 R2: BUL vs LAT,3
Davis Cup G2 R2: PHI vs THA,3
Davis Cup G2 R2: PER vs VEN,3
Davis Cup G1 PO: DOM vs CHI,3
Davis Cup G2 R1: MON vs MNE,3
Davis Cup G1 PO: SLO vs RSA,3
Davis Cup G2 R1: LAT vs MDA,3
Davis Cup G2 PO: BAR vs PUR,3
Davis Cup G2 PO: GUA vs HAI,3
Davis Cup G2 R1: BUL vs FIN,3
Davis Cup G2 R1: IRL vs EST,3
Davis Cup G2 R1: NZL vs MAS,3
Davis Cup G2 R1: OMA vs PAK,3
Davis Cup G2 R1: HKG vs PHI,3
Davis Cup G2 R3: DOM vs VEN,3
Davis Cup G2 R2: DOM vs PAR,3
Davis Cup G1 R2: PER vs MEX,3
Davis Cup G1 R1: UZB vs IND,3
Davis Cup G2 PO: COL vs CRC,3
Davis Cup G1 PO: AUT vs UKR,3
Davis Cup G1 PO: KOR vs INA,3
Davis Cup G2 PO: MDA vs TUR,3
Davis Cup G2 F: URU vs VEN,3
Davis Cup G1 R2: ECU vs PAR,3
Davis Cup G1 PO: MEX vs PER,3
Davis Cup G1 R2: VEN vs CAN,3
Davis Cup G1 R1: VEN vs PER,3
Davis Cup WG PO: ECU vs GBR,3
Davis Cup WG PO: IND vs SWE,3
Davis Cup G2 R1: UKR vs BUL,3
Davis Cup G2 R1: MAS vs KOR,3
Davis Cup WG PO: RUS vs THA,3
Davis Cup WG PO: PAR vs CZE,3
Davis Cup WG PO: CHI vs JPN,3
Davis Cup G2 R1: NOR vs EGY,3
Davis Cup G2 PO: IRI vs MAS,3
Davis Cup G2 PO: PUR vs JAM,3
Davis Cup G2 R1: LUX vs HUN,3
Davis Cup G1 QF: NZL vs INA,3
Davis Cup G2 F: CHN vs KOR,3
Davis Cup G2 SF: GUA vs VEN,3
Davis Cup G1 PO: MAR vs RSA,3
Davis Cup G1 R1: PAK vs THA,3
Davis Cup G1 R1: INA vs UZB,3
Davis Cup G2 R1: POL vs ISR,3
Davis Cup G2 R1: JAM vs DOM,3
Davis Cup G2 R1: AHO vs BAH,3
Davis Cup G2 PO: GRE vs CIV,3
Davis Cup G2 R1: RSA vs YUG,3
Davis Cup G2 PO: POL vs EST,3
Davis Cup G2 F: POR vs SLO,3
Davis Cup G2 F: UKR vs BUL,3
Davis Cup G2 R2: FIN vs BUL,3
Davis Cup G2 R1: SLO vs CIV,3
Davis Cup G2 R1: ALG vs POL,3
Davis Cup G2 QF: URU vs COL,3
Davis Cup G2 R1: BUL vs GEO,3
Davis Cup G2 QF: GUA vs DOM,3
Davis Cup G1 R2: IND vs UZB,3
Davis Cup G2 QF: PAR vs VEN,3
Davis Cup G2 QF: TPE vs PAK,3
Davis Cup G1 SF: ARG vs CAN,3
Davis Cup G1 QF: GBR vs POR,3
Davis Cup G2 R2: CHN vs KUW,3
Davis Cup G2 QF: HKG vs TPE,3
Davis Cup G2 R2: URU vs DOM,3
Davis Cup G2 F: TPE vs HKG,3
Davis Cup G2 QF: SLO vs IRL,3
Davis Cup G1 PO: ECU vs BAH,3
Davis Cup G2 PO: TUN vs GHA,3
Davis Cup G2 PO: POL vs MON,3
Davis Cup G2 PO: AHO vs HAI,3
Davis Cup G2 R3: GRE vs YUG,3
Davis Cup G2 SF: NOR vs CIV,3
Davis Cup G2 R2: YUG vs BUL,3
Davis Cup G2 R2: DEN vs SLO,3
Davis Cup G2 R2: CHN vs TPE,3
Davis Cup G2 R1: CUB vs DOM,3
Davis Cup G1 R2: BLR vs ZIM,3
Davis Cup G1 R1: IND vs JPN,3
Davis Cup G1 R1: BLR vs ISR,3
Davis Cup G1 R2: IND vs NZL,3
Davis Cup G1 R2: ECU vs VEN,3
Davis Cup G2 R1: IRL vs EGY,3
Davis Cup G2 R1: TPE vs KAZ,3
Davis Cup G2 R1: YUG vs CIV,3
Davis Cup G2 R1: GHA vs SLO,3
Davis Cup G1 PO: INA vs KOR,3
Davis Cup G2 QF: DEN vs NOR,3
Davis Cup G1 PO: NOR vs LUX,3
Davis Cup WG PO: BRA vs CAN,3
Davis Cup G2 R1: JAM vs MEX,3
Davis Cup G2 QF: GUA vs PER,3
Davis Cup G2 R2: HUN vs NOR,3
Davis Cup G2 R2: POL vs ALG,3
Davis Cup G2 R1: NOR vs UKR,3
Davis Cup G2 R1: TUN vs POR,3
Davis Cup G2 R1: SLO vs POL,3
Davis Cup G2 R1: ITA vs GEO,3
Davis Cup G1 PO: INA vs NZL,3
Davis Cup G2 QF: TRI vs URU,3
Davis Cup G2 SF: CHN vs KAZ,3
Davis Cup G1 R2: THA vs UZB,3
Davis Cup G1 PO: ECU vs PER,3
Davis Cup G1 R2: BRA vs PAR,3
Davis Cup G1 PO: RSA vs GRE,3
Davis Cup G1 R2: LUX vs GBR,3
Davis Cup G2 F: PAK vs CHN,3
Davis Cup WG R1: MAR vs ARG,3
Davis Cup G2 F: URU vs PER,3
Davis Cup G2 R1: LUX vs CIV,3
Davis Cup G2 R1: DEN vs TUN,3
Davis Cup G2 PO: URU vs BOL,3
Davis Cup G2 R1: AHO vs GUA,3
Davis Cup WG PO: AUT vs MEX,3
Davis Cup G2 R1: KUW vs KAZ,3
Davis Cup G1 QF: IND vs LIB,3
Davis Cup G1 PO: CHN vs PAK,3
Davis Cup G2 QF: ESA vs PAR,3
Davis Cup G2 SF: CRO vs CIV,3
Davis Cup G2 R2: BUL vs HUN,3
Davis Cup G1 QF: CHI vs CAN,3
Davis Cup G2 R2: AHO vs DOM,3
Davis Cup G2 R2: COL vs PAR,3
Davis Cup G1 PO: JPN vs LIB,3
Davis Cup G1 PO: LIB vs CHN,3
Davis Cup G1 QF: PER vs BAH,3
Davis Cup G1 PO: POR vs RSA,3
Davis Cup G2 R2: NOR vs MKD,3
Davis Cup G1 R1: VEN vs MEX,3
Davis Cup G1 PO: UKR vs GBR,3
Davis Cup G1 PO: MAR vs POR,3
Davis Cup G2 PO: IRL vs SLO,3
Davis Cup G1 R2: ECU vs BRA,3
Davis Cup G2 PO: CRC vs CUB,3
Davis Cup G1 R2: MEX vs CAN,3
Davis Cup G1 PO: BAH vs COL,3
Davis Cup G1 R1: TPE vs PAK,3
Davis Cup G1 R1: UZB vs THA,3
Davis Cup G2 F: HUN vs GEO,3
Davis Cup G1 PO: FIN vs HUN,3
Davis Cup G1 R2: UKR vs BEL,3
Davis Cup G2 R1: HKG vs POC,3
Davis Cup G2 R2: POL vs GEO,3
Davis Cup G2 QF: KAZ vs TPE,3
Davis Cup WG PO: SVK vs KOR,3
Davis Cup G1 QF: CHN vs IND,3
Davis Cup G1 QF: KOR vs NZL,3
Davis Cup G2 R1: LTU vs CIV,3
Davis Cup G2 R1: PHI vs KOR,3
Davis Cup G2 R1: ZIM vs NOR,3
Davis Cup G2 QF: DEN vs CIV,3
Davis Cup G2 R1: HUN vs EGY,3
Davis Cup G2 PO: LIB vs PHI,3
Davis Cup G1 QF: BAH vs PER,3
Davis Cup G2 F: NZL vs KOR,3
Davis Cup G2 R1: NZL vs KAZ,3
Davis Cup G1 R1: FIN vs SLO,3
Davis Cup G1 QF: FIN vs SWE,3
Davis Cup WG R1: CHI vs SVK,3
Davis Cup G1 QF: NZL vs THA,3
Davis Cup G2 R2: INA vs HKG,3
Davis Cup G2 QF: VEN vs URU,3
Davis Cup G2 PO: LIB vs KUW,3
Davis Cup WG R1: BLR vs ESP,3
Davis Cup G1 SF: IND vs KOR,3
Davis Cup G2 R2: NZL vs KUW,3
Davis Cup G2 PO: CUB vs TRI,2
Davis Cup G2 R1: MEX vs BOL,2
Davis Cup WG R1: SUI vs USA,2
Davis Cup G2 PO: PHI vs KUW,2
Davis Cup G2 SF: COL vs URU,2
Davis Cup G2 R1: LIB vs PAK,2
Davis Cup G2 PO: HKG vs MAS,2
Davis Cup G1 R1: URU vs PER,2
Davis Cup G2 R1: BLR vs MDA,2
Davis Cup G2 R1: HUN vs IRL,2
Davis Cup G1 SF: NZL vs IND,2
Davis Cup G2 SF: PAR vs PER,2
Davis Cup G1 QF: ITA vs FIN,2
Davis Cup G1 SF: VEN vs ECU,2
Davis Cup G2 R1: TUR vs DEN,2
Davis Cup G2 R1: UKR vs MON,2
Davis Cup G1 R1: GBR vs SVK,2
Davis Cup G1 R1: NED vs FIN,2
Davis Cup G1 R2: RSA vs SLO,2
Davis Cup G1 R2: AUS vs KOR,2
Davis Cup G1 R1: KOR vs TPE,2
Davis Cup G1 R1: NZL vs UZB,2
Davis Cup G2 R1: TUR vs RSA,2
Davis Cup G2 R1: LAT vs CRO,2
Davis Cup G2 R3: POR vs BLR,2
Davis Cup G2 PO: RSA vs IRL,2
Davis Cup WG PO: AUS vs SUI,2
Davis Cup G2 PO: MON vs MAR,2
Davis Cup WG PO: CHI vs ITA,2
Davis Cup WG PO: ISR vs CAN,2
Davis Cup WG PO: ROU vs CZE,2
Davis Cup G1 R1: NOR vs AUT,2
Davis Cup G2 R1: PAR vs HAI,2
Davis Cup G2 R1: CUB vs COL,2
Davis Cup G1 R1: UZB vs NZL,2
Davis Cup G1 R1: CHN vs TPE,2
Davis Cup G1 R1: SLO vs FIN,2
Davis Cup G2 SF: VEN vs PAR,2
Davis Cup G2 PO: PUR vs CRC,2
Davis Cup G2 PO: PER vs BOL,2
Davis Cup G2 R1: CHN vs PHI,2
Davis Cup WG PO: DOM vs GER,2
Davis Cup G1 R1: ECU vs CHI,2
Davis Cup G1 R2: JPN vs UZB,2
Davis Cup G2 R3: KOR vs THA,2
Davis Cup G2 R2: HUN vs BIH,2
Davis Cup G2 PO: HKG vs KAZ,2
Davis Cup G2 F: MEX vs VEN,2
Davis Cup G2 PO: GRE vs MON,2
Davis Cup WG PO: FIN vs NED,2
Davis Cup G2 PO: IRL vs TUN,2
Davis Cup G2 R2: DEN vs LAT,2
Davis Cup G2 R1: NOR vs ISR,2
Davis Cup G1 PO: BAH vs MEX,2
Davis Cup G2 R2: PAR vs VEN,2
Davis Cup G2 R1: IRL vs BLR,2
Davis Cup G2 R1: POR vs MAR,2
Davis Cup G2 R1: MON vs FIN,2
Davis Cup G2 R1: ZIM vs BIH,2
Davis Cup G1 PO: FIN vs POL,2
Davis Cup G2 SF: LUX vs SLO,2
Davis Cup WG R1: ROU vs FRA,2
Davis Cup G1 QF: MAR vs UKR,2
Davis Cup G2 R1: TUR vs BIH,2
Davis Cup G1 PO: TPE vs KOR,2
Davis Cup G1 PO: LTU vs UKR,2
Davis Cup G2 R2: BIH vs MDA,2
Davis Cup G1 QF: BLR vs ZIM,2
Davis Cup G2 PO: CYP vs BEN,2
Davis Cup G1 QF: COL vs ECU,2
Davis Cup G1 QF: FIN vs ITA,2
Davis Cup G2 PO: BUL vs EST,2
Davis Cup G2 R3: LAT vs FIN,2
Davis Cup G2 SF: LIB vs HKG,2
Davis Cup G2 SF: MAS vs TPE,2
Davis Cup G1 PO: MEX vs CAN,2
Davis Cup G1 SF: NZL vs UZB,2
Davis Cup G1 SF: JPN vs IND,2
Davis Cup WG R1: ARG vs ROU,2
Davis Cup G2 R1: MON vs BLR,2
Davis Cup G2 PO: PAR vs DOM,2
Davis Cup G2 QF: LUX vs NOR,2
Davis Cup G2 PO: LIB vs SRI,2
Davis Cup G2 R2: RSA vs LTU,2
Davis Cup G1 QF: JPN vs KOR,2
Davis Cup WG PO: ESP vs UKR,2
Davis Cup WG PO: CRO vs GBR,2
Davis Cup G2 R2: BAR vs ESA,2
Davis Cup G1 R2: KOR vs IND,2
Davis Cup G1 R2: CHN vs UZB,2
Davis Cup G1 R1: ECU vs VEN,2
Davis Cup G1 PO: VEN vs URU,2
Davis Cup WG PO: UKR vs BEL,2
Davis Cup G2 R2: THA vs KUW,2
Davis Cup WG PO: AUS vs UZB,2
Davis Cup WG PO: ISR vs ARG,2
Davis Cup WG QF: JPN vs CZE,2
Davis Cup WG R1: SRB vs SUI,2
Davis Cup WG R1: GER vs ROU,2
Davis Cup WG R1: FRA vs AUS,2
Davis Cup WG R1: AUS vs ECU,2
Davis Cup G2 QF: CRC vs AHO,2
Davis Cup G2 R3: ESA vs VEN,2
Davis Cup G2 R2: ESA vs MEX,2
Davis Cup WG PO: KAZ vs UZB,2
Davis Cup G2 R2: POL vs EST,2
Davis Cup G2 R1: ARM vs IRL,2
Davis Cup WG PO: FRA vs AUT,2
Davis Cup G2 PO: BUL vs ISR,2
Davis Cup WG PO: ITA vs CHI,2
Davis Cup G2 PO: TUR vs MDA,2
Davis Cup G2 PO: BOL vs GUA,2
Davis Cup G1 QF: CAN vs MEX,2
Davis Cup G2 R2: BLR vs BIH,2
Davis Cup WG R1: SRB vs CRO,2
Davis Cup G2 QF: PAR vs AHO,2
Davis Cup G2 R2: UKR vs CYP,2
Davis Cup G1 PO: ROU vs FIN,2
Davis Cup G1 PO: IND vs NZL,2
Davis Cup WG PO: BEL vs SWE,2
Davis Cup G1 R2: ROU vs SVK,2
Davis Cup WG PO: JPN vs ISR,2
Davis Cup WG PO: GBR vs ECU,2
Davis Cup WG PO: UZB vs NED,2
Davis Cup G2 R1: MDA vs DEN,2
Davis Cup G1 R2: URU vs COL,2
Davis Cup G2 SF: GRE vs DEN,2
Davis Cup G2 R1: SRI vs PAK,2
Davis Cup G1 R2: POL vs RSA,2
Davis Cup G2 R1: PER vs HAI,2
Davis Cup WG PO: ESP vs UZB,2
Davis Cup WG SF: GBR vs AUS,2
Davis Cup WG R1: ARG vs AUS,2
Davis Cup G1 R1: AUT vs ISR,2
Davis Cup G1 R2: ECU vs CHI,2
Davis Cup G1 R1: URU vs DOM,2
Davis Cup WG R1: KAZ vs AUT,2
Power Horse Cup,2
Davis Cup G1 R1: BAR vs DOM,2
Davis Cup G2 PO: PUR vs BOL,2
Davis Cup G2 R1: LAT vs CIV,2
Davis Cup G1 R1: PER vs VEN,2
Davis Cup G2 R1: ESA vs DOM,2
Davis Cup WG R1: SWE vs RUS,2
Davis Cup G1 PO: ZIM vs ISR,2
Davis Cup G1 PO: GBR vs ISR,2
Davis Cup G2 R2: MEX vs BAH,2
Davis Cup G2 R1: PUR vs BAH,2
Davis Cup G2 R1: BOL vs PAR,2
Davis Cup WG R1: ARG vs NED,2
Davis Cup G2 R1: COL vs URU,2
Davis Cup G2 PO: ALG vs POR,2
Davis Cup G2 PO: BAH vs GUA,2
Davis Cup G1 R2: RSA vs GER,2
Davis Cup WG PO: BRA vs ECU,2
Davis Cup WG PO: NED vs FRA,2
Davis Cup WG PO: RSA vs IND,2
Davis Cup WG PO: SWE vs ROU,2
Davis Cup G1 PO: TPE vs PAK,2
Davis Cup G2 R1: DOM vs JAM,2
Davis Cup G1 R1: POL vs FIN,2
Davis Cup G2 R1: LTU vs GBR,2
Davis Cup G1 R2: JPN vs IND,2
Davis Cup G2 R1: BUL vs MON,2
Davis Cup G1 R1: THA vs PAK,2
Davis Cup G2 PO: JAM vs GUA,2
Davis Cup G2 R1: EST vs HUN,2
Davis Cup G1 R2: CHI vs ECU,2
Davis Cup WG R1: RUS vs IND,2
Davis Cup G2 PO: POC vs PAK,2
Davis Cup G1 R1: PER vs CHI,2
Davis Cup G1 R1: VEN vs PAR,2
Davis Cup G2 R1: ALG vs SLO,2
Davis Cup G2 R1: BUL vs CYP,2
Davis Cup G2 R1: POL vs LAT,2
Davis Cup WG R1: USA vs SUI,2
Davis Cup G1 PO: UZB vs CHN,2
Davis Cup WG R1: CRO vs CHI,2
Davis Cup G2 R1: HKG vs KUW,2
Davis Cup G1 R2: THA vs AUS,2
Davis Cup G1 R1: SCG vs ZIM,2
Davis Cup G2 R1: FIN vs RSA,2
Davis Cup G1 R2: ITA vs SVK,2
Davis Cup G1 PO: PER vs URU,2
Davis Cup WG QF: AUS vs BLR,2
Davis Cup G2 R1: OMA vs NZL,2
Davis Cup G1 PO: SVK vs MKD,2
Davis Cup WG PO: SUI vs GBR,2
Davis Cup G1 R1: LUX vs ITA,2
Davis Cup G1 R2: ECU vs PER,2
Davis Cup G1 R2: COL vs BRA,2
Davis Cup G2 R1: DOM vs GUA,2
Davis Cup G1 R1: CAN vs ECU,2
Davis Cup WG F: SVK vs CRO,2
Davis Cup G2 R1: UKR vs EGY,2
Davis Cup G1 R1: PER vs BRA,2
Davis Cup WG R1: AUS vs AUT,2
Davis Cup G2 R1: INA vs KUW,2
Davis Cup WG R1: SVK vs ESP,2
Davis Cup WG PO: ROU vs CAN,2
Davis Cup WG QF: ISR vs RUS,2
Davis Cup G2 PO: PHI vs HKG,2
Davis Cup G2 R1: HUN vs BUL,2
Davis Cup G2 PO: LAT vs TUN,2
Davis Cup G2 R1: CYP vs POR,2
Davis Cup WG R1: GER vs AUT,2
Davis Cup G1 R2: TPE vs KOR,2
Davis Cup G2 R2: SLO vs LTU,2
Davis Cup G1 R1: ITA vs BLR,2
Davis Cup G1 R1: TPE vs KAZ,2
Davis Cup G2 PO: IRI vs KAZ,2
Davis Cup WG R1: BLR vs SWE,2
Davis Cup WG PO: IND vs BRA,2
Davis Cup WG PO: SWE vs ITA,2
Davis Cup WG PO: GER vs RSA,2
Davis Cup WG PO: PER vs BLR,2
Davis Cup G1 R2: UZB vs THA,2
Davis Cup G1 R2: LUX vs SVK,2
Davis Cup G2 R2: DOM vs CUB,2
Davis Cup WG R1: SUI vs ESP,2
Davis Cup G2 PO: FIN vs LUX,2
Davis Cup G2 R3: LTU vs SLO,2
Davis Cup G2 R2: GRE vs IRL,2
Davis Cup G2 R1: GEO vs RSA,2
Davis Cup G1 PO: KAZ vs IND,2
Davis Cup G2 PO: EGY vs MAR,2
Davis Cup G1 R2: AUS vs THA,2
Davis Cup G1 R1: KOR vs KAZ,2
Davis Cup G1 R2: IND vs JPN,2
Davis Cup G1 PO: BLR vs POL,2
Davis Cup G2 F: MON vs RSA,2
Davis Cup G2 PO: GHA vs GEO,2
Davis Cup G2 R1: GBR vs TUN,2
Davis Cup G2 F: NZL vs CHN,2
Davis Cup G1 R2: BRA vs CAN,2
Davis Cup G2 R2: KUW vs NZL,2
Davis Cup G2 R1: CYP vs HUN,2
Davis Cup G2 R1: EST vs LTU,2
Davis Cup G2 R1: BUL vs UKR,2
Davis Cup G2 R2: BRA vs AHO,2
Davis Cup WG R1: SRB vs IND,2
Davis Cup G1 PO: BLR vs GEO,2
Davis Cup G1 PO: ITA vs LAT,2
Davis Cup G2 PO: SRI vs HKG,2
Davis Cup G1 PO: BLR vs SVK,2
Davis Cup WG QF: RUS vs ARG,2
Davis Cup G1 PO: ZIM vs ITA,2
Davis Cup G1 R2: COL vs CAN,2
Davis Cup G2 PO: GRE vs ZIM,2
Davis Cup G1 R1: LUX vs FIN,2
Davis Cup G2 R1: PAR vs CUB,2
Davis Cup G1 PO: KOR vs PHI,2
Davis Cup G1 R2: CHI vs CAN,2
Davis Cup G2 PO: JAM vs CUB,2
Davis Cup G2 PO: PHI vs KAZ,2
Davis Cup G2 R1: PAR vs AHO,2
Davis Cup WG R1: GER vs KOR,2
Davis Cup G2 R1: PHI vs PAK,2
Davis Cup G1 PO: NED vs POR,2
Davis Cup G1 R1: ZIM vs GRE,2
Davis Cup G1 PO: VEN vs BAH,2
Davis Cup G1 PO: JPN vs THA,2
Davis Cup G1 R2: GBR vs NED,2
Davis Cup G1 R2: SRB vs GEO,2
Davis Cup G1 PO: PAK vs KOR,2
Davis Cup WG PO: ROU vs IND,2
Davis Cup G1 PO: TPE vs PHI,2
Davis Cup G2 PO: AND vs EGY,2
Davis Cup WG R1: FRA vs ROU,2
Davis Cup G1 PO: CHN vs INA,2
Davis Cup G2 F: MKD vs FIN,2
Davis Cup WG R1: ZIM vs USA,1
Davis Cup G1 R1: RUS vs POL,1
Davis Cup G2 R1: SRI vs PHI,1
Davis Cup WG R1: USA vs ROU,1
Davis Cup WG R1: AUT vs CRO,1
Davis Cup WG R1: RUS vs SRB,1
Davis Cup G1 R2: POL vs CRO,1
Davis Cup G2 R1: IRL vs MAR,1
Davis Cup WG R1: NED vs RUS,1
Davis Cup WG R1: BRA vs MAR,1
Davis Cup G1 PO: RUS vs POR,1
Davis Cup WG R1: BEL vs FRA,1
Davis Cup G2 R2: MEX vs PER,1
Davis Cup G2 R1: MDA vs ARM,1
Davis Cup G2 R1: EST vs NOR,1
Davis Cup G1 R1: SLO vs POR,1
Davis Cup WG R1: CZE vs BEL,1
Davis Cup WG PO: ITA vs BEL,1
Davis Cup G2 R1: MDA vs EGY,1
Davis Cup G1 QF: BLR vs RSA,1
Davis Cup G2 R1: EGY vs SLO,1
Davis Cup G2 F: PAR vs URU,1
Davis Cup G2 R2: PAR vs DOM,1
Davis Cup G2 R1: PAK vs KUW,1
Davis Cup G2 R2: TPE vs PHI,1
Davis Cup G1 PO: CAN vs ARG,1
Davis Cup WG R1: CHI vs RUS,1
Davis Cup WG R1: CZE vs USA,1
Davis Cup G1 PO: KAZ vs CHN,1
Davis Cup G2 R2: POR vs FIN,1
Davis Cup G1 QF: ROU vs HUN,1
Davis Cup WG QF: CRO vs ARG,1
Davis Cup WG PO: ISR vs CHI,1
Davis Cup WG PO: GBR vs CRO,1
Davis Cup WG PO: JPN vs ROU,1
Davis Cup G1 SF: UZB vs NZL,1
Davis Cup WG QF: RUS vs FRA,1
Davis Cup WG QF: BEL vs GER,1
Davis Cup WG QF: AUS vs GER,1
Stuttgart Masters,1
Davis Cup WG PO: RUS vs ITA,1
Davis Cup WG SF: RUS vs GER,1
Davis Cup G2 R1: BUL vs GRE,1
Davis Cup G2 QF: POL vs SLO,1
Davis Cup G1 R2: AUT vs NED,1
Davis Cup G2 QF: GRE vs NOR,1
Davis Cup WG SF: ARG vs AUS,1
Davis Cup G2 R2: MDA vs BLR,1
Davis Cup WG PO: GER vs THA,1
Davis Cup G2 R3: BIH vs LTU,1
Davis Cup G2 QF: GUA vs CUB,1
Davis Cup WG PO: NED vs CZE,1
Davis Cup WG PO: ROU vs KOR,1
Davis Cup WG R1: RUS vs BEL,1
Davis Cup WG PO: SVK vs BEL,1
Davis Cup WG R1: SVK vs AUT,1
London,1
Davis Cup WG R1: CZE vs AUS,1
Davis Cup G1 R1: IND vs UZB,1
Davis Cup WG QF: AUS vs KAZ,1
Davis Cup WG PO: ZIM vs ROU,1
Davis Cup G1 R2: GBR vs SCG,1
Davis Cup WG PO: SUI vs BLR,1
Davis Cup G1 R1: CHN vs NZL,1
Davis Cup G2 R2: SLO vs MAR,1
Davis Cup G1 R1: SWE vs AUT,1
Davis Cup G1 R1: POL vs LTU,1
Davis Cup G1 R1: IND vs TPE,1
Davis Cup G2 PO: SYR vs PAK,1
Davis Cup G1 R2: COL vs DOM,1
Davis Cup G2 R2: VEN vs PER,1
Davis Cup G2 R3: GBR vs HUN,1
Davis Cup WG PO: THA vs CZE,1
Davis Cup WG PO: SVK vs USA,1
Davis Cup WG QF: USA vs SWE,1
Davis Cup WG QF: BLR vs ARG,1
Davis Cup WG SF: USA vs BLR,1
Davis Cup WG R1: ESP vs KAZ,1
Davis Cup WG R1: CAN vs FRA,1
Davis Cup G1 R2: GER vs ISR,1
Davis Cup G1 R2: NED vs ITA,1
Davis Cup G1 R2: AUT vs SVK,1
Davis Cup G1 R1: SLO vs DEN,1
Davis Cup WG QF: ARG vs CRO,1
Davis Cup G1 QF: ROU vs AUT,1
Davis Cup G1 PO: ISR vs FIN,1
Davis Cup G1 QF: ZIM vs BLR,1
Davis Cup WG R1: BEL vs CZE,1
Davis Cup WG R1: SWE vs ARG,1
Davis Cup G1 R2: URU vs CHI,1
Davis Cup G1 SF: THA vs JPN,1
Davis Cup WG QF: ESP vs AUT,1
Davis Cup WG SF: ARG vs CZE,1
Davis Cup WG PO: BEL vs UKR,1
Davis Cup WG PO: GBR vs THA,1
Davis Cup WG PO: MAR vs SUI,1
Davis Cup WG PO: BRA vs ESP,1
Davis Cup G2 R2: HUN vs BLR,1
Davis Cup WG R1: CRO vs GER,1
Davis Cup WG R1: AUT vs FRA,1
Davis Cup WG SF: SWE vs USA,1
Davis Cup G2 R1: URU vs DOM,1
Davis Cup WG QF: FRA vs SUI,1
Davis Cup WG QF: SWE vs AUS,1
Davis Cup WG PO: KAZ vs SUI,1
Davis Cup WG PO: AUS vs BEL,1
Davis Cup G1 R2: ISR vs POL,1
Davis Cup G1 R2: ITA vs SLO,1
Davis Cup G1 R2: SUI vs POR,1
Davis Cup G1 PO: ECU vs MEX,1
Davis Cup WG QF: ARG vs KAZ,1
Davis Cup WG PO: ISR vs AUT,1
Davis Cup WG PO: BEL vs AUT,1
Davis Cup G1 R1: PER vs BAH,1
Davis Cup WG R1: ARG vs GER,1
Davis Cup G2 R3: DEN vs RSA,1
Davis Cup G1 PO: SVK vs UKR,1
Davis Cup G1 PO: CAN vs DOM,1
Davis Cup G2 PO: PUR vs HAI,1
Davis Cup G2 PO: GHA vs ARM,1
Davis Cup G2 R2: GBR vs LUX,1
Davis Cup G2 PO: DEN vs MNE,1
Davis Cup G2 R3: LAT vs UKR,1
Davis Cup G2 F: HUN vs SCG,1
Davis Cup G2 R3: LAT vs SLO,1
Davis Cup G2 QF: ISR vs RSA,1
Davis Cup WG R1: BEL vs ESP,1
Davis Cup G2 R1: TUN vs LAT,1
Davis Cup G1 R2: ISR vs GBR,1
Davis Cup WG F: ESP vs CZE,1
Davis Cup G2 R1: LTU vs CYP,1
Davis Cup WG SF: CRO vs CZE,1
Davis Cup WG R1: SWE vs ISR,1
Davis Cup G2 R3: MDA vs POR,1
Vi√±a del Mar,1
Davis Cup G1 R1: IND vs CHN,1
Davis Cup G1 QF: CRO vs AUT,1
Davis Cup G1 R2: PAK vs TPE,1
Davis Cup G1 R2: UZB vs AUS,1
Davis Cup WG PO: NED vs KOR,1
Davis Cup G2 QF: KUW vs LIB,1
Davis Cup WG PO: ISR vs PER,1
Davis Cup WG PO: GBR vs AUT,1
Davis Cup WG PO: CHI vs AUS,1
Davis Cup G2 R1: LAT vs GRE,1
Davis Cup G2 R2: POR vs ALG,1
Davis Cup WG QF: ITA vs GBR,1
Davis Cup WG SF: SUI vs ITA,1
Davis Cup G2 PO: CIV vs EST,1
Davis Cup G2 PO: YUG vs POL,1
Davis Cup G1 PO: PER vs PAR,1
Davis Cup WG R1: RUS vs CHI,1
Davis Cup G2 PO: LIB vs POC,1
Davis Cup G2 QF: MAS vs PAK,1
Davis Cup WG PO: CAN vs RSA,1
Davis Cup WG PO: BRA vs RUS,1
Davis Cup WG PO: NED vs SUI,1
Davis Cup G1 QF: KOR vs JPN,1
Davis Cup G1 QF: THA vs UZB,1
Davis Cup WG PO: CRO vs BEL,1
Davis Cup WG R1: SUI vs CZE,1
Davis Cup WG QF: KAZ vs CZE,1
Davis Cup WG R1: ROU vs BLR,1
Davis Cup G1 R1: MEX vs ECU,1
Davis Cup WG R1: USA vs CRO,1
Davis Cup WG PO: AUT vs ECU,1
Davis Cup WG PO: CAN vs BLR,1
Davis Cup G1 R1: POL vs SLO,1
Davis Cup G1 R1: ROU vs DEN,1
Davis Cup G1 R1: UKR vs SVK,1
Davis Cup WG PO: SVK vs CHI,1
Davis Cup WG PO: BEL vs USA,1
Davis Cup WG PO: CZE vs ROU,1
Davis Cup WG PO: ARG vs BLR,1
Davis Cup WG PO: BRA vs CRO,1
