,count
Tommy Haas,83
Jarkko Nieminen,79
Lleyton Hewitt,77
Andy Roddick,72
Fernando Gonzalez,67
Roger Federer,67
Tommy Robredo,66
Nikolay Davydenko,66
Mardy Fish,65
David Ferrer,64
Rafael Nadal,62
Robby Ginepri,62
Janko Tipsarevic,58
James Blake,55
Radek Stepanek,55
Dominik Hrbaty,54
Ivo Karlovic,54
Xavier Malisse,54
Feliciano Lopez,53
Jurgen Melzer,53
Richard Gasquet,53
Taylor Dent,53
Philipp Kohlschreiber,51
Gustavo Kuerten,50
Paradorn Srichaphan,50
Marcos Baghdatis,49
Fabio Fognini,49
Dmitry Tursunov,48
Juan Ignacio Chela,48
Novak Djokovic,48
Stanislas Wawrinka,47
Florian Mayer,47
Sebastien Grosjean,47
Denis Istomin,46
Nicolas Massu,46
Somdev Devvarman,46
Tomas Berdych,45
Carlos Moya,45
Nicolas Almagro,45
Sergiy Stakhovsky,45
Gilles Muller,45
John Isner,44
Younes El Aynaoui,44
Gilles Simon,44
Mikhail Youzhny,44
Fernando Verdasco,44
Danai Udomchoke,44
Paul Henri Mathieu,44
Juan Carlos Ferrero,44
Benjamin Balleret,43
Robin Haase,43
Filippo Volandri,43
David Nalbandian,42
Marin Cilic,42
Ivan Ljubicic,42
Santiago Giraldo,41
Aqeel Khan,41
Pablo Cuevas,41
Nicolas Lapentti,40
Frank Dancevic,40
Rainer Schuettler,40
Andrei Pavel,40
Victor Hanescu,40
Guillermo Canas,40
Andy Murray,40
Stefan Koubek,39
Vincent Spadea,39
Victor Estrella,39
Marat Safin,39
Andreas Seppi,39
Juan Martin Del Potro,39
Gael Monfils,39
Guillermo Coria,39
Aisam Ul Haq Qureshi,39
Olivier Rochus,38
Kenneth Carlsen,38
Rohan Bopanna,38
Lukasz Kubot,38
Mario Ancic,38
Mark Philippoussis,37
Harel Levy,37
Nicolas Kiefer,37
Kei Nishikori,36
Ernests Gulbis,36
Igor Andreev,36
Thomas Johansson,35
Jan Hernych,35
Juan Monaco,35
Frederik Nielsen,34
James Ward,34
Prakash Amritraj,34
Albert Montanes,34
Marco Chiudinelli,34
Bernard Tomic,34
Gaston Gaudio,34
Yen Hsun Lu,34
Cecil Mamiit,34
Joachim Johansson,33
Vladimir Voltchkov,33
Guillermo Garcia Lopez,33
Hyung Taik Lee,33
Benjamin Becker,33
Jo Wilfried Tsonga,33
Rik De Voest,32
Grigor Dimitrov,32
Christophe Rochus,32
Frederic Niemeyer,32
Viktor Troicki,32
Ramon Delgado,32
Jean Rene Lisnard,31
Robin Soderling,31
Andreas Vinciguerra,31
Tim Henman,31
Takao Suzuki,31
Go Soeda,30
Alejandro Falla,30
Donald Young,30
Mohammad Ghareeb,30
Nicolas Mahut,30
Rui Machado,30
Bjorn Phau,30
Rajeev Ram,30
Potito Starace,29
Sam Querrey,29
Jimmy Wang,29
Max Mirnyi,29
Kristian Pless,29
Jose Rubin Statham,29
Gouichi Motomura,29
Jan Michael Gambill,29
Agustin Calleri,28
Julien Benneteau,28
Luis Horna,28
Thiemo De Bakker,28
Flavio Saretta,28
Jose Acasuso,28
Jerzy Janowicz,28
Thomaz Bellucci,28
Michal Przysiezny,28
Ryan Harrison,28
Mischa Zverev,27
Wayne Arthurs,27
Daniel King Turner,27
Marcel Felder,26
Ivan Miranda,26
Ze Zhang,26
Di Wu,26
Arnaud Clement,26
Andis Juska,26
Jiri Novak,26
Jeremy Chardy,26
Noam Okun,26
Michael Llodra,25
Joao Sousa,25
Wesley Moodie,25
Lukas Lacko,25
Marcelo Rios,25
Andre Agassi,25
Milos Raonic,25
Peter Polansky,24
Miguel Gallardo Valles,24
Kevin Anderson,24
Magnus Norman,24
Wayne Black,24
Paul Goldstein,24
Michael Berrer,24
Albert Costa,24
Martin Verkerk,23
Kittipong Wachiramanowong,23
Alberto Martin,23
Daniel Garza,23
Dudi Sela,23
Michael Lammer,23
Greg Rusedski,23
Pablo Andujar,23
Martin Klizan,23
Igor Kunitsyn,23
Jhonson Garcia,23
Jose De Armas,23
Steve Darcis,23
Mark Nielsen,23
Irakli Labadze,23
Marko Tkalec,23
Rafael Arevalo,23
Alexandr Dolgopolov,23
Michael Kohlmann,23
Philipp Petzschner,23
Marius Copil,23
Davide Sanguinetti,23
Chris Guccione,23
Yevgeny Kafelnikov,23
Leander Paes,22
Ricardo Mello,22
Alex Bogdanovic,22
Blaz Kavcic,22
Christopher Rungkat,22
Teymuraz Gabashvili,22
Karim Maamoun,22
Ti Chen,22
Goran Ivanisevic,22
Mariano Zabaleta,21
Ben Qiang Zhu,21
Alex Bogomolov Jr,21
Hiu Tung Yu,21
Nicolas Thomann,21
Cyril Saulnier,21
Andrey Golubev,21
Alexander Peya,21
Tatsuma Ito,21
Fabrice Santoro,21
Scott Draper,21
Alexey Kedryuk,21
Justin Gimelstob,21
Mounir El Aarej,21
Daniel Evans,21
Gilles Kremer,21
Dusan Vemic,21
Jamie Baker,21
Suwandi Suwandi,20
Thomas Enqvist,20
Simon Larose,20
Amer Delic,20
Sebastien De Chaunac,20
Frederico Gil,20
Lamine Ouahab,20
Jan Frode Andersen,20
Bob Bryan,20
Giovanni Lapentti,20
Wayne Ferreira,20
Marc Gicquel,20
Kevin Kim,20
Jack Sock,20
Jonas Bjorkman,20
Daniel Nestor,20
Alexander Popp,20
Franco Squillari,20
Marcel Granollers,20
Martin Pedersen,20
Brian Baker,20
Mikhail Kukushkin,19
Stian Boretti,19
Antony Dupuis,19
Santiago Ventura,19
Kristof Vliegen,19
Arnaud Di Pasquale,19
Frantisek Cermak,19
Bobby Reynolds,19
Raemon Sluiter,19
Todor Enev,19
Hugo Armando,19
Konstantinos Economidis,19
Carlos Berlocq,19
Julio Cesar Campozano,19
Sjeng Schalken,19
Ruben Ramirez Hidalgo,18
Michel Kratochvil,18
Sergei Bubka,18
Grega Zemlja,18
Sargis Sargsian,18
Mehdi Tahiri,18
Michael Ryderstedt,18
Alejandro Hernandez,18
Marcelo Arevalo,18
Roberto Bautista Agut,18
Pablo Carreno Busta,18
Andrey Rublev,18
Evgeny Korolev,18
Ryan Sweeting,18
Illya Marchenko,18
Ilija Bozoljac,18
Steve Johnson,17
Mariano Puerta,17
Santiago Gonzalez,17
Karol Beck,17
Dominic Thiem,17
Nicolas Escude,17
Ivan Navarro,17
Luka Gregorc,17
Valentin Sanon,17
Woong Sun Jun,17
Peng Sun,17
Farrukh Dustov,17
Tim Smyczek,17
Prima Simpatiaji,17
David Goffin,17
Andreas Haider Maurer,17
Johnny Arcilla,17
Abdullah Maqdas,17
Michael Venus,17
Alex Calatrava,17
Mauricio Echazu,17
Adrian Mannarino,17
Jiri Vanek,17
Cesar Ramirez,17
Daniel Brands,16
Jesse Huta Galung,16
Juan Antonio Marin,16
Henri Laaksonen,16
Sergi Bruguera,16
Ivo Heuberger,16
Paul Capdeville,16
Robert Kendrick,16
Felix Mantilla,16
Richard Bloomfield,16
Nenad Zimonjic,16
Michael Leong,16
Sebo Kiss,16
Arvind Parmar,16
Andrey Kuznetsov,16
Lukas Rosol,16
Leonardo Tavares,16
Magnus Larsson,16
Lars Burgsmuller,16
Markus Hipfl,15
George Bastl,15
Martin Fischer,15
Jamie Delgado,15
Izak Van Der Merwe,15
Carlos Avellan,15
Galo Blanco,15
Ricardas Berankis,15
Radu Albot,15
Marsel Ilhan,15
Harsh Mankad,15
Alexander Blom,15
Florent Serra,15
Daniel Gimeno Traver,15
Yuki Bhambri,15
Jurgen Zopp,15
Alexandros Jakupovic,15
Renzo Furlan,15
Bernardo Mota,15
Federico Delbonis,15
Yong Kyu Lim,15
Leonardo Mayer,15
Slimane Saoudi,15
Edouard Roger Vasselin,14
Pablo Gonzalez,14
Karim Alayli,14
Uladzimir Ignatik,14
Fernando Vicente,14
Pete Sampras,14
Eric Taino,14
Andre Sa,14
Jimy Szymanski,14
Darian King,14
Werner Eschauer,14
Yu Jr Wang,14
Febi Widhiyanto,14
Oleg Ogorodov,14
Genius Chidzikwe,14
Scoville Jenkins,14
Albert Portas,14
Alex Corretja,14
Vadim Kutsenko,14
Lado Chikhladze,14
Ivan Dodig,14
Bohdan Ulihrach,14
Kornel Bardoczky,14
James Mcgee,14
Dusan Lajovic,14
Adrian Garcia,14
Antonio Veic,14
Michael Russell,13
Peter Luczak,13
Tuomas Ketola,13
Jerome Golmard,13
Gilles Elseneer,13
Attila Balazs,13
Orest Tereshchuk,13
Zack Fleishman,13
Treat Conrad Huey,13
Todd Reid,13
Marc Lopez,13
Alan Mackin,13
Damir Dzumhur,13
Conor Niland,13
Shao Xuan Zeng,13
Roko Karanusic,13
Ivo Minar,13
Lukas Dlouhy,13
Dzmitry Zhyrmont,13
Sherif Sabry,13
Mike Scheidweiler,13
Lazar Magdincev,13
Glenn Weiner,13
Claude Ngoran,13
Jean Julien Rojer,13
Mate Pavic,13
Marc Kevin Goellner,13
Denis Gremelmayr,13
Phillip King,13
Andy Ram,13
Gergely Kisgyorgy,13
Francisco Rodriguez,13
Paolo Lorenzi,13
Andreas Beck,13
Malek Jaziri,12
Marcos Daniel,12
Igor Sijsling,12
Edgardo Massa,12
Jan Vacek,12
Jose Hernandez,12
Elbert Sie,12
Jeff Morrison,12
Aljaz Bedene,12
Julian Reister,12
Gianluca Naso,12
Juho Paukku,12
David Souto,12
Wayne Odesnik,12
Yuichi Sugita,12
Thierry Ascione,12
Michal Mertinak,12
Jesse Levine,12
Christian Garin,12
Mariusz Fyrstenberg,12
Stephane Bohli,12
Filip Prpic,12
Stephane Robert,12
Filip Krajinovic,12
Martin Cuevas,12
Ruben Bemelmans,12
Jhonnatan Medina Alvarez,12
Matthew Ebden,12
Tobias Kamke,12
Henri Kontinen,12
Alex Kuznetsov,12
Oliver Marach,12
Devin Mullings,12
Marton Fucsovics,12
Joseph Sirianni,12
Federico Luzzi,12
Byron Black,12
Karol Kucera,12
Hicham Arazi,12
Michael Quintero,12
Patrick Chucri,12
Simone Bolelli,11
Magnus Gustafsson,11
Satoshi Iwabuchi,11
David Agung Susanto,11
Kyle Edmund,11
Deniss Pavlovs,11
Vasek Pospisil,11
Duilio Beretta,11
Photos Kallias,11
Martin Lee,11
Yassine Idmbarek,11
Samuel Groth,11
Alexander Zverev,11
Alexander Kudryavtsev,11
Dieter Kindlmann,11
Sunu Wahyu Trijati,11
Mike Bryan,11
Lovro Zovko,11
Nathan Healey,11
Aldin Setkic,11
Cedrik Marcel Stebe,11
Karim Alami,11
Benoit Paire,11
Piero Luisi,11
Laurynas Grigelis,11
Andrey Dernovskiy,11
Mikhail Ledovskikh,11
Razvan Sabau,11
Mait Kunnap,11
Philip Bester,10
Christopher Diaz Figueroa,10
Guillaume Couillard,10
Horacio Zeballos,10
Nick Kyrgios,10
Albert Ramos,10
Bruno Echagaray,10
Nicolas Devilder,10
Yves Allegro,10
Julien Boutter,10
James Duckworth,10
Louk Sorensen,10
Patrick Rafter,10
Maximo Gonzalez,10
Daniel Vacek,10
Alex Kim,10
Predrag Rusevski,10
Jeff Salzenstein,10
Marinko Matosevic,10
Jonathan Erlich,10
Lee Childs,10
Diego Galeano,10
Raven Klaasen,10
Richard Krajicek,10
Ivan Endara,10
Mohamed Mamoun,10
Attila Savolt,10
Martin Vassallo Arguello,10
Matthias Bachinger,10
Tsung Hua Yang,10
Dimitar Kutrovsky,10
Patrick Tierro,10
David Prinosil,10
Ahmad Rabeea Muhammad,10
Guillaume Rufin,10
Michael Yani,10
Alex Llompart,10
Federico Dondo,10
Peter Clarke,10
Karlis Lejnieks,10
Flavio Cipolla,10
Ricardo Chile Fonte,10
Xin Yuan Yu,10
Yew Ming Si,10
Jicham Zaatini,10
Tomas Zib,10
Evgeny Donskoy,10
Borna Coric,10
Yuri Schukin,10
Rogerio Dutra Silva,10
Boris Pashanski,10
Ervin Eleskovic,10
Takahiro Terachi,10
Laurent Bram,10
Sergio Roitman,9
Todd Widom,9
Albano Olivetti,9
Peter Wessels,9
Juan Balcells,9
Marc Rosset,9
Daniel Alejandro Lopez Cassaccia,9
Wesley Whitehouse,9
Weerapat Doakmaiklee,9
Andrew Ilie,9
Lionel Roux,9
Mark Knowles,9
Anoosha Shahgholi,9
Alistair Hunt,9
David Guez,9
Kyu Tae Im,9
Jonathan Marray,9
Adrian Ungur,9
Murad Inoyatov,9
Victor Crivoi,9
Vasilis Mazarakis,9
Daniel Vallverdu,9
Dominik Meffert,9
Ivaylo Traykov,9
Hee Seok Chung,9
Mehdi Ziadi,9
Wei Jen Cheng,9
Gabriel Trifu,9
Elias Ymer,9
Bjorn Rehnquist,9
Pere Riba,9
Stefano Galvani,9
Juan Carlos Ramirez,9
Julian Knowle,9
Christian Lindell,9
Yohny Romero,9
Thanasi Kokkinakis,9
Bartlomiej Dabrowski,9
Solon Peppas,9
Lucas Pouille,9
David Sanchez,9
Ivo Klec,9
Olivier Patience,9
Dmitriy Makeyev,9
Oscar Hernandez,9
Amir Hadad,9
Ryan Russell,9
Markus Eriksson,9
Juan Sebastian Cabal,8
Vladimir Ivanov,8
Jorge Aguilar,8
Reda El Amrani,8
Paulo Carvallo,8
Dimitar Grabuloski,8
Harshana Godamanna,8
Juan Sebastian Langton,8
Kristian Capalik,8
Franco Skugor,8
Justin Bower,8
Todd Woodbridge,8
Rogier Wassen,8
Dick Norman,8
Andrei Medvedev,8
John Doran,8
Daniele Bracciali,8
Martin Damm,8
Javier Marti,8
Luis David Martinez,8
Hugo Dellien,8
Mirza Basic,8
Pedro Sousa,8
Alexander Waske,8
Eduardo Schwank,8
Filip Peliwo,8
Ruben Gonzales,8
Andrej Kracman,8
Daniel Koellerer,8
Ugo Nastasi,8
Luis Adrian Morejon,8
Laurent Recouderc,8
Adam Kellner,8
Yu Zhang,8
Gaston Etlis,8
Brian Vahaly,8
Gustavo Ramirez,8
Jaymon Crabb,8
Simon Stadler,8
Mark Merklein,8
Pavol Cervenak,8
Ricardo Rodriguez,8
Giorgio Galimberti,8
Michail Elgin,8
Fernando Meligeni,8
Sam Warburg,8
Emanuel Couto,8
Andrea Stoppini,8
Amir Weintraub,8
Ashkan Shokoofi,8
Jesse Witten,8
Federico Sansonetti,8
Nikos Rovas,8
Michael Chang,8
Emmanuel Heussner,8
Jan Hajek,8
Emilio Gomez,8
Yan Bai,8
Vincent Millot,8
Nicolas Coutelot,8
Sanchai Ratiwatana,8
Sarvar Ikramov,8
Matias Silva,8
Mauricio Estivariz,7
Timo Nieminen,7
Nick Lindahl,7
Aditya Hari Sasongko,7
Tobias Summerer,7
Konstantin Kravchuk,7
Wing Luen Wong,7
Karan Rastogi,7
Jacobo Chavez,7
Dennis Van Scheppingen,7
Carlos Salamanca,7
Marcin Matkowski,7
Ali Hamadeh,7
Ion Moldovan,7
Michal Tabara,7
Roberto Carballes Baena,7
Sonchat Ratiwatana,7
Suk Young Jeong,7
Julio Silva,7
Melle Van Gemerden,7
Roberto Cid,7
Karen Khachanov,7
Mohamed Safwat,7
Issam Al Tawil,7
Maxim Dubarenco,7
Egor Gerasimov,7
Haithem Abid,7
Alessio Di Mauro,7
Inigo Cervantes Huegun,7
Tigre Hank,7
Haydn Lewis,7
Francis Tiafoe,7
Omar Awadhy,7
Brendan Evans,7
Joshua Goodall,7
Hermes Gamonal,7
Cyril Jacobe,7
Mate Delic,7
Simon Rea,7
Tomas Cakl,7
Yordan Kanev,7
Dimitar Kuzmanov,7
Christian Vinck,7
Gianluca Pozzi,7
Joao Souza,7
Denis Kudla,7
Peerakiat Siriluethaiwattana,7
Pablo Bianchi,7
Jaak Poldma,7
Shahin Khaledan,7
Artem Sitak,7
Federico Browne,7
Robert Farah,7
Kevin Sorensen,7
Cedric Pioline,6
Alejandro Gonzalez,6
Hans Podlipnik Castillo,6
Jui Chen Hung,6
Rodolphe Cadart,6
Tomas Behrend,6
Marvin Rolle,6
Joseph Victorino,6
Daniel Munoz De La Nava,6
Rasid Winklaar,6
Ivan Sergeyev,6
Sergis Kyratzis,6
Alexandre Sidorenko,6
Bartolome Salva Vidal,6
Damion Johnson,6
Vaja Uzakov,6
Dovydas Sakinis,6
Thomas Fabbiano,6
Mao Xin Gong,6
Sergey Betov,6
Hiroki Moriya,6
Martijn Van Haasteren,6
Neville Godwin,6
Romain Arneodo,6
Wisnu Adi Nugroho,6
Warit Sornbutnark,6
Yong Il Yoon,6
Zhe Li,6
Ilija Martinoski,6
Grzegorz Panfil,6
Andrei Vasilevski,6
Kenny De Schepper,6
Jeson Patrombon,6
Jean Claude Scherrer,6
Leos Friedl,6
Greg Jones,6
Olivier Sajous,6
Filip Dewulf,6
Mauricio Doria Medina,6
Colin Obrien,6
Ariel Behar,6
Yaoki Ishii,6
Andrea Gaudenzi,6
Bradley Klahn,6
Hyeon Chung,6
Pruchya Isarow,6
Massimo Dellacqua,6
Gastao Elias,6
Daniel Elsner,6
Salifu Mohammed,6
Young Jun Kim,6
Michael Joyce,6
Thomas Blake,6
Walid Jallali,6
Thiago Alves,6
Simone Vagnozzi,6
John Van Lottum,6
Carlos Cuadrado,6
Olivier Mutis,6
Sergei Yaroshenko,6
Helder Lopes,6
Iztok Bozic,6
Ilia Kushev,6
Peter Handoyo,6
Kepler Orellana,6
Francisco Clavet,6
Simon Greul,6
Gregory Carraz,6
Martin Vilarrubi,6
Roman Recarte,6
Rainer Eitzinger,6
Robert Smeets,6
Andrej Martin,5
Paul Baccanello,5
Jens Knippschild,5
Henrik Andersson,5
Julen Uriguen,5
Miguel Angel Reyes Varela,5
Nick Van Rosberg,5
Sasa Tuksar,5
Gustavo Marcaccio,5
Brydan Klein,5
Francesco Aldi,5
Chia Yen Tsai,5
Brian Wilson,5
Scott Oudsema,5
Henry Adjei Darko,5
Harri Heliovaara,5
Marcos Ondruska,5
Renzo Olivo,5
Hao Lu,5
Kevin Ullyett,5
Iphton Louis,5
Rafael Avalos Brenes,5
Guilherme Clezar,5
Barry Cowan,5
Jerome Haehnel,5
Florin Mergea,5
Shahab Hassani Nafez,5
Scott Willinsky,5
Ante Pavic,5
Marc Abdulnour,5
Alexander Shvec,5
Maximilian Abel,5
Jeff Tarango,5
Jonathan Dasnieres De Veigy,5
Paris Gemouchidis,5
Helge Koll Frafjord,5
Diego Nargiso,5
Hicham Khaddari,5
Andrei Gorban,5
Bassam Beidas,5
Andre Ghem,5
Dineshkanthan Thangarajah,5
Ruan Roelofse,5
Oscar Burrieza,5
Mashiska Washington,5
John Millman,5
Mark Hilton,5
Federico Zeballos,5
Adrian Voinea,5
Gorka Fraile,5
Mikael Tillstrom,5
Martin Alund,5
Andrei Stoliarov,5
Noam Behr,5
Diego Junqueira,5
Carsten Ball,5
Jiri Vesely,5
West Nott,5
Nikola Mektic,5
Dustin Brown,5
Bruno Rodriguez,5
Radoslav Lukaev,5
Gerald Melzer,5
Ryler Deheart,5
Asim Shafik,5
Nicolas Jarry,5
Abdelhak Hameurlaine,5
Erling Tveit,5
Martins Podzus,5
Fazaluddin Syed,5
Romain Jouan,5
Fritz Wolmarans,5
Daniel Glancy,5
Janis Podzus,5
Dawid Olejniczak,5
Rabie Chaki,5
Melvin Tong,5
Edgar Hernandez Perez,5
Nodar Itonishvili,5
Franco Ferreiro,5
Shahzad Khan,5
Dong Hyun Kim,5
Elmar Gerth,5
Jared Donaldson,5
Bostjan Osabnik,5
Josselin Ouanna,5
Gonzalo Lama,5
Samir Iftikhar,5
Ville Liukko,5
Aleksandr Nedovyesov,5
Christian Ruud,5
Gwinyai Tongoona,5
Guillermo Hormazabal,5
Seanon Williams,5
Chris Woodruff,4
Caio Zampieri,4
Santiago Maresca,4
Denis Golovanov,4
Viktor Durasovic,4
Sebastian Prieto,4
Todd Larkham,4
Younes Rachidi,4
Tai Wei Liu,4
Alexander Skrypko,4
Michihisa Onoda,4
Mike Vermeer,4
Scott Humphries,4
Nicolaas Scholtz,4
Evghenii Plugariov,4
Gyorgy Balazs,4
Mikhail Filima,4
Eric Prodon,4
Johny De Leon,4
Oliver Gross,4
Nicholas Sayer,4
Gabriel Flores Ruiz,4
Stefan Kozlov,4
Bar Tzuf Botzer,4
Luke Saville,4
Irakli Ushangishvili,4
Tomislav Brkic,4
Laurent Lokoli,4
Mario Monroy,4
Sam Barry,4
Maxime Teixeira,4
Ariez Elyaas Deen Heshaam,4
Rares Cuzdriorean,4
Tihomir Grozdanov,4
Didac Perez,4
Yann Marti,4
Jared Palmer,4
Adam Jaya,4
Milen Velev,4
KJ Hippensteel,4
Mikael Torpegaard,4
Pierre Hugues Herbert,4
Micke Kontinen,4
Christian Garay,4
Petros Chrysochos,4
Diogo Rocha,4
Gianni Mina,4
Sandor Martinez Breijo,4
Ognian Kolev,4
Jan Lennard Struff,4
Alexis Klegou,4
Thomas Schiessling,4
Taro Daniel,4
Francis Casey Alcantara,4
Zeljko Krajan,4
Manuel Sanchez,4
Kim Tiilikainen,4
Sharmal Dissanayake,4
Peter Gojowczyk,4
Yasutaka Uchiyama,4
Gonzalo Escobar,4
Alexander Lazov,4
Antso Rakotondramanga,4
Benjamin Lock,4
Ramkumar Ramanathan,4
Ladislav Svarc,4
Michael Brown B395,4
Cristiano Caratti,4
Vishnu Vardhan,4
Patrik Langvardt,4
Josh Goodall,4
Martin Sayer,4
Jan Kroslak,4
Ignacio Hirigoyen,4
Salvador Navarro,4
Marko Djokovic,4
Timothy Neilly,4
Jean Francois Bachelot,4
Chris Eaton,4
Denis Matsukevitch,4
Rob Steckley,4
Kalle Flygt,4
Rasmus Norby,4
Christophe Bosio,4
Marco Osorio,4
Jae Sung An,4
Sebastian Decoud,4
Marcelo Charpentier,4
Adam Thompson,4
Gunther Darkey,4
Gd Jones,4
Syrym Abdukhalikov,4
Hiroki Kondo,4
Ricardo Hocevar,4
Ronald Agenor,4
Mustafa Azkara,4
Barry King,4
Thomas Oger,4
Efe Ustundag,4
Isak Arvidsson,4
Sun Yong Kim Jr,4
Alex Obrien,4
Petru Alexandru Luncanu,4
Yasir Khan,4
Luis Perez Chete,4
Emilio Daniel Baez Britez,4
Eduardo Rincon,4
Lorenzo Manta,4
Fredrik Jonsson,4
Marzio Martelli,4
Pierre Ludovic Duclos,4
James Sekulov,4
Lazaro Navarro Batles,4
Janez Semrajc,4
Denes Lukacs,4
Bastian Knittel,4
Toshihide Matsui,4
Juan Pablo Guzman,4
Sergio Galdos,4
Jan Siemerink,4
Cristian Paiz,4
Blaz Rola,4
Petr Luxa,4
Juan Albert Viloca Puig,4
Rolandas Murashka,4
Austin Krajicek,4
Tsolak Gevorgyan,4
Horia Tecau,3
Anthony Marshall,3
Alun Jones,3
Dennis Novak,3
Fadi Youssef,3
Jose Antonio Sanchez De Luna,3
Mario Radic,3
Aslan Karatsev,3
Romano Tatuhey,3
Pavel Baranov,3
Talal Ouahabi,3
Bastian Trinker,3
Philipp Oswald,3
Julien Varlet,3
Diego Veronelli,3
Marcelo Amador,3
David Marrero,3
Wishaya Trongcharoenchaikul,3
Amro Ghoneim,3
Charalampos Kapogiannis,3
Andrei Luzgin,3
Philippos Tsangaridis,3
Jaume Munar,3
Phillip Simmonds,3
Aivaras Balzekas,3
Marco Crugnola,3
Sebastian Rieschick,3
Uros Vico,3
Frederick Sletting Johnsen,3
Juan Giner,3
Scott Barron,3
Miles Maclagan,3
Rouzbeh Kamran,3
Juan Borba,3
Ricardo Gonzalez Diaz,3
Marcus Sarstrand,3
Pavel Snobel,3
Michael Lai,3
Christopher Eldon,3
Tomislav Jotovski,3
Augustin Gensse,3
Noah Rubin,3
Mohsen Hossein Zade,3
Lucas Gomez,3
Joan Jimenez Guerra,3
Raoul Behr,3
Joachim Bjerke,3
Gerard Granollers,3
Gabor Borsos,3
John Patrick Smith,3
Kimmer Coppejans,3
Daniel Cox,3
Guillermo Olaso,3
Nik Razborsek,3
Chieh Fu Wang,3
Manuel Tejada,3
Federico Rodriguez,3
Cem Ilkel,3
Lefteris Alexiou,3
Krystian Pfeiffer,3
Miguel Angel Lopez Jaen,3
Peter Nagy,3
Oliver Golding,3
Andrian Raturandang,3
Seung Bok Baek,3
Seung Hoon Lee,3
Rhyne Williams,3
Facundo Bagnis,3
Jacobo Diaz,3
Juan Carlos Saez,3
Anton Tsymbalov,3
Todd Martin,3
Christopher Koutrouzas,3
Markus Hantschk,3
Jonathan Eysseric,3
Sergio Gutierrez Ferrol,3
Michael Mcclune,3
Temur Ismailov,3
Carlos Palencia,3
Dennis Novikov,3
Matias Boeker,3
Christopher Lawson,3
Luka Belic,3
Oscar Serrano,3
Thomas Schoorel,3
Sebastien Lareau,3
Liang Chi Huang,3
Tasuku Iwami,3
Karim Mohamed Maamoun,3
David Wheaton,3
Ian Flanagan,3
Andrei Karatchenia,3
Sanam Singh,3
Denys Molchanov,3
Viktor Filipenko,3
Dinu Pescariu,3
Ota Fukarek,3
Patrik Rosenholm,3
Abd Hazli Bin Zainuddin,3
Alexander Bury,3
Adelo Abadia,3
Jose Roberto Velasco,3
Jack Brasington,3
Juan Pablo Varillas Patino Samudio,3
Daniel Kosakowski,3
Adrien Bossel,3
Jonathan Printzlau,3
Will Farah Lebar,3
Hyun Woo Nam,3
Bertrand Madsen,3
Travis Rettenmaier,3
David Sherwood,3
Ibrahim Abou Chahine,3
Ignaci Roca,3
Gabriel Montilla,3
Filip Urban,3
Colin Fleming,3
Marco Trungelliti,3
Francisco Fogues,3
Vladyslav Manafov,3
Karsten Braasch,3
Miguel Tobon,3
Bruno Agostinelli,3
Abdul Mumin Babalola,3
Slava Dosedel,3
George Khrikadze,3
Edwin Kempes,3
Fredrik Aarum,3
Philip Davydenko,3
James Shortall,3
Jonathan Igbinovia,3
Nicolas Barrientos,3
Stanislav Vovk,3
Mohammed Al Nabhani,3
Richard Fromberg,3
Min Hyoek Cho,3
Jose Benitez,3
Mauricio Hadad,3
Robin Vik,3
Dias Doskarayev,3
Devin Britton,3
Adam Chadaj,3
Tiago Sousa,3
Alexander Sadecky,3
Daniel Melo,3
Fred Hemmes,3
Rok Jarc,3
Jaroslav Pospisil,3
Emilio Benfele Alvarez,3
Thomas Muster,3
Stephane Huet,3
Leonardo Azzaro,3
Johan Settergren,3
Razlan Rawi,3
Hsin Han Lee,3
Adam Kennedy,2
Paul Logtens,2
Adrian Menendez Maceiras,2
Vadim Davletshin,2
Kevin Jonckheer,2
Eduardo Struvay,2
Diego Sebastian Schwartzman,2
Shane Stone,2
Mikhail Elgin,2
Jorge Brian Panta Herreros,2
Daniel Willman,2
Nils Langer,2
Dino Marcan,2
Facundo Arguello,2
Bjorn Munroe,2
Mousa Shanan Zayed,2
Andres Filimonov,2
Jacob Rasolondrazana,2
Kirill Ivanov Smolensky,2
Robert Yim,2
Gabriel Moraru,2
Niels Desein,2
Guido Andreozzi,2
David Mullins,2
Ivo Bratanov,2
Louis Vosloo,2
Marco Cecchinato,2
Christos Hadjigeorgiou,2
Liam Broady,2
Benjamin Mitchell,2
Musaad Al Jazzaf,2
Arnau Brugues Davi,2
Luciano Ramazzini,2
Nomi Qamar,2
Lukas Mugevicius,2
Petros Baghdatis,2
Vicente Elberto Anasta,2
Gvidas Sabeckis,2
Andrei Ciumac,2
Goran Tosic,2
Valentin Dimov,2
Jesus Francisco Felix,2
Israel Morales,2
Jose Zunino,2
Serguei Tarasevitch,2
Rameez Junaid,2
Jean Christophe Faurel,2
Kevin Krawietz,2
Guillermo Alcaide,2
Cristobal Saavedra Corvalan,2
Hussain Al Ashwak,2
David Skoch,2
Tim Goransson,2
Vivek Shokeen,2
Riccardo Ghedin,2
Martin Slanar,2
Mahmoud Ezz,2
Khalid Al Nabhani,2
Blazej Koniusz,2
Jan Minar,2
Alexander Slabinsky,2
Luis Delgado,2
Ayrton Wibowo,2
Ouassel Hared,2
Lars Poerschke,2
Eleftherios Christou,2
Konstantinos Mikos,2
Matwe Middelkoop,2
Anis Ghorbel,2
Mikhail Biryukov,2
Ali Ghareeb,2
Eldad Campbell,2
Robin Roshardt,2
Agustin Velotti,2
Sultan Khalfan,2
Israel Matos Gil,2
Janis Skroderis,2
Matthew Prentice,2
Jalil Khan,2
Andrey Kumantsov,2
Robin Kern,2
Erik Chvojka,2
Guillem Burniol,2
Victor Ionita,2
Ivan Nedelko,2
Theodoros Angelinos,2
David Josepa,2
Janne Ojala,2
Jean Marc Bazanne,2
Juan Carlos Rebaza Lozano,2
Diego Acuna,2
Kenneth Tuilier Curco,2
Rachid Baba Aissa,2
Wahib Maknieh,2
Mathieu Montcourt,2
Juan Enrique Crosa,2
Brett Baudinet,2
Damar Johnson,2
Fernando Romboli,2
Haluk Akkoyun,2
Baris Erguden,2
Terence Nugent,2
Fredrik Ask,2
Luke Bourgeois,2
David Kvernadze,2
Marco Mirnegg,2
Evgeny Kirillov,2
Felipe Parada,2
Rajeev Rajapakse,2
Ergun Zorlu,2
Marc Kimmich,2
Aljoscha Thron,2
Kevin King,2
Roman Margoulis,2
Christian Harrison,2
Paul Harsanyi,2
Brian Macphie,2
Marcelo Filippini,2
Ismar Gorcic,2
John Morrissey,2
Marcos Giron,2
Maxim Bulat,2
Yoshihito Nishioka,2
Mariano Hood,2
Luis Manuel Flores,2
Jonathan Stark,2
Daniel Elahi Galan Riveros,2
Mahesh Bhupathi,2
Paul Kilderry,2
Marcelo Demoliner,2
Markos Kalovelonis,2
Sean Cooper,2
Luke Milligan,2
Grant Stafford,2
Johan Ortegren,2
Mikal Oliver Statham,2
Adrians Zguns,2
Clement Reix,2
Andrea Arnaboldi,2
Eddy Chala,2
Mark Woodforde,2
Brian Dabul,2
Nikoloz Basilashvili,2
Jim Thomas,2
Michael Tebbutt,2
Petar Jelenic,2
Vincenzo Santopadre,2
Bruno Soares,2
Hyun Joon Kim,2
Philippe Grandjean,2
Alejandro Gomez GB42,2
Takanyi Garanganga,2
Levar Harper Griffith,2
Marcus Daniell,2
Maximilian Marterer,2
Omar Hedayet,2
Jing Yi Li,2
Toni Androic,2
Tucker Vorster,2
Zhizhen Zhang,2
Lofo Ramiaramanana,2
Maxime Hamou,2
Eddy Gonzalez Gonzalez,2
Quentin Halys,2
Rodrigo Senattore,2
Seong Chan Hong,2
Cedric Kauffmann,2
Matteo Donati,2
Marcelo Barboza,2
Nicolas Renavand,2
Christophe Tholl,2
Herbert Wiltschnig,2
Mathieu Rodrigues,2
Frederico Ferreira Silva,2
Taylor Harry Fritz,2
Wolfgang Schranz,2
Abdulhameed Alshatti,2
Roberto Carretero,2
Jordi Munoz Abreu,2
Jim Courier,2
Olivier Malcor,2
Soren Wedege,2
Thomas Kromann,2
Dimitri Mazur,2
Joji Miyao,2
Jonas Froberg,2
Baris Ergun,2
Vladimir Pavicevic,2
Dejan Petrovic,2
Alejandro Olivera,2
Joao Cunha Silva,2
Rene Busch,2
Herkko Pollanen,2
Alberto Brause,2
Ranjeet Virali Murugesan,2
Julien Jeanpierre,2
Luis Diego Nunez,2
Dentry Mortimer,2
Srinath Prahlad,2
Jacob Coenraad De Klerk,2
Stephen Nugent,2
Oscar Posada,2
Artem Smirnov,2
Diego Hartfield,2
Nerman Fatic,2
Bing Chao Lin,2
Genaro Deleon,2
Sebastien Vidal,2
Andres Bucaro,2
Hillel Rousseau,2
Juan Manuel Elizondo,2
Oscar Ortiz,2
Jean Andersen,2
Hendri Susilo Pramono,2
Michael Massih,2
Tom Kocevar Desman,2
Jean Michel Durango,2
Naser Al Obaidly,2
Mariano Sanchez,2
Radim Zitko,2
Julian Saborio,2
Guido Pella,2
Miloslav Mecir,2
Juan Andres Gomez,2
Tobias Clemens,2
Stefano Ianni,2
Alexander Vasquez,2
Americo Venero Montes,2
Jeff Coetzee,2
Diego Cubas,2
Roberto Quiroz,2
Yari Bernardo,2
Tim Puetz,2
Jordan Thompson,2
James Auckland,2
Nikola Milojevic,2
Pedja Krstin,2
William Lock,2
Clement Morel,2
Alti Vahkal,2
Owen Casey,2
Laurence Tieleman,2
Chuhan Wang,2
Filip Polasek,2
Karim Hossam,2
Arthur De Greef,2
Erhan Oral,2
Ricardo Mena,2
Ilya Belyaev,1
Tyler Chin,1
Pablo Nunez,1
James Lemke,1
Edan Leshem,1
Martin Emmrich,1
Sid Ali Akkal,1
Hassan Al Mousa,1
Ben Fatael,1
Rafa Orantes,1
Mike Urbanija,1
Valentin Rahmine,1
Tomas Tenconi,1
Dominic Inglot,1
Daniel Danilovic,1
Arsenije Zlatanovic,1
Dmitrii Baskov,1
Daniel Dutra Da Silva,1
Andrew Anderson,1
Sascha Kloer,1
Cesar Escobar Serrano,1
Andrei Soltoianu,1
Egor Matvievici,1
Jad Ballout,1
Giovani Samaha,1
Wan Gao,1
Rodrigo Banzer,1
Rodrigo Arus,1
Pavel Katliarov,1
Kirati Siributwong,1
Revaz Osadze,1
Pavel Vizner,1
Slah Mbarek,1
Chase Buchanan,1
Daniel Berta,1
Alexander Tavkhelidze,1
Roman Valent,1
Demetrios Leontis,1
Duilio Vallebuona,1
Gerardo Lopez Villasenor,1
Nemanja Kontic,1
Miguel Angel Este,1
Amaury Gomez,1
Nour Nehme,1
Nicolas Salama,1
Brandon Burke,1
Dawood Sayed Hashim,1
Mehdi Jdi,1
Rudolfs Mednis,1
Christopher Kas,1
Francesco Piccari,1
Henrik Sillanpaa,1
Colin Ebelthite,1
Alex Knaff,1
Dario Acosta,1
Adrian Forberg Skogeng,1
Ji Sung Nam,1
Andres Artunedo Martinavarr,1
Viktor Galovic,1
Martin Vaisse,1
Jeevan Nedunchezhiyan,1
Jung Woong Na,1
Ya Nan Ma,1
Jae Min Seol,1
Darius Florin Bragusi,1
Andrei Daescu,1
Nathan Pasha,1
Diego Hidalgo,1
Aymeric Mara,1
Mitchell Krueger,1
Victor Baluda,1
Andres Molteni,1
Kristijan Mesaros,1
Carlos Gomez Herrera,1
Sandro Ehrat,1
Nicolas Meister,1
Dennis Lajola,1
Nikolai Fidirko,1
Clay Thompson,1
Jason Kubler,1
Patrick Ciorcila,1
Axel Michon,1
Ando Rasolomalala,1
Xin Gao,1
Daniel Smethurst,1
Filip Veger,1
Jabor Al Mutawa,1
Josko Topic,1
Edward Corrie,1
Peter Bertran,1
Juan Ignacio Londero,1
Jaan Kononov,1
Marek Marksoo,1
Tunde Segodo,1
Alexander Ward,1
Kasparas Zemaitelis,1
Romain Bogaerts,1
Markus Kerner,1
Bowen Ouyang,1
Milos Sekulic,1
Vijayant Malik,1
Dean Obrien,1
Matt Reid,1
Laslo Djere,1
Alberto Emmanuel Alvarado Larin,1
Jose Perdomo,1
Brayden Schnur,1
Carlos Taborga,1
Andres Weisskopf,1
Anas Fattar,1
Walter Trusendi,1
Hong Chung,1
Germain Gigounon,1
Steven Diez,1
Peter Torebko,1
N Vijay Sundar Prashanth,1
Fabrice Martin,1
Tommy Paul,1
Ludovic Walter,1
Tuna Altuna,1
Cheuk Wai Hui,1
Ryan Shane,1
Lorenzo Giustino,1
Lucas Miedler,1
Christopher Eubanks,1
Wilfredo Gonzalez,1
Alessandro Giannessi,1
Marco Antonio Rojas,1
Sebastian Moreno,1
Chu Huan Yi,1
Federico Gaio,1
Constant Lestienne,1
David Vega Hernandez,1
Tzvetan Mihov,1
Tiago Fernandes,1
Yaraslau Shyla,1
Thomas Jun Facchini Takemoto,1
Eric Quigley,1
Matteo Trevisan,1
Mikael Ymer,1
Marco Aurelio Nunez,1
Russell Moseley,1
Luis Diaz Barriga,1
Julius Gotovskis,1
Julius Tverijonas,1
Fabiano De Paula,1
Omar Jasika,1
Kento Takeuchi,1
Gregoire Burquier,1
Juan Sebastian Vivanco,1
Marcin Gawron,1
Sanjar Fayziev,1
Chris Brandi,1
Guillermo Rivera Aranguiz,1
Constantinos Ioannides,1
Mikelis Libietis,1
William Kirkman,1
Slim Hamza,1
Jesus Bandres,1
Sami Ghorbel,1
Felipe Rios,1
Juan Pablo Brzezicki,1
Mahammad Abid,1
Pablo Galdon,1
Roman Borvanov,1
Dinko Halachev,1
Carlos Drada,1
Tyler Mayers,1
Jason Engelhardt,1
Eyal Ran,1
Hisham Hemeda,1
Marwan Zewar,1
Vasilly Kazhera,1
Jose Baires,1
Rolando Ruel,1
Hee Sung Chung,1
Ekkarin Pisuth Arnonth,1
Todd Perry,1
Chemseddine Belal,1
Dmitry Vlasov,1
Helge Koll,1
Axel Pretzsch,1
Patricio Arquez,1
Artem Derepasko,1
Francisco Costa,1
Ilou Lonfo,1
Ivo Lagzdins,1
Javier Garcia Sintes,1
Raimonds Sproga,1
Nicklas Kulti,1
Timo Fleischfresser,1
Nicklas Timfjord,1
David Miketa,1
Bernd Karbacher,1
Guillaume Raoux,1
Oliver Freelove,1
Daniel Chavez Morales,1
Augusto Sanabria,1
Kerlin Leon Zamora,1
Vasuthevan Ortchuan,1
Selvam Veerasingam,1
Mohammed Nazreen Fuzi Nasruddin,1
Roger Smith,1
Martin Garcia,1
Jakub Herm Zahlava,1
Dmitri Tomashevich,1
Wen Lung Chang,1
Mariano Albert Ferrando,1
Johannes Ager,1
Leonardo Olguin,1
Oh Hee Kwon,1
Ben Ellwood,1
Nicolas Todero,1
Doug Bohaboy,1
Marcello Craca,1
Trevor Spracklin,1
Vladimir Obradovic,1
Zsolt Tatar,1
Pascal Schaul,1
Hayk Hakobyan,1
Samuel Fumi,1
Chris Numbers,1
Troy Stone,1
Radoslaw Nijaki,1
Emin Agaev,1
Patrick Boza,1
Taras Demyanekno,1
Mads Gottlieb,1
Esat Tanik,1
Victor Ribas,1
Walter Barahona,1
Rob Cheyne,1
Clemens Trimmel,1
Mohammed Rajan Sundera Karuppiah,1
Jamal Darmadi,1
Federico Camacho,1
Juan Carlos Gonzalez,1
Rodrigo Vallejo,1
Samir Saadeldin,1
Tigran Martirosyan,1
Iurie Gorban,1
Thomas Larsen,1
Alex Witt,1
Andreas Fasching,1
Hector Moretti,1
Dmitro Tolok,1
Michael Ray Pallares Gonzalez,1
Daniel Langre,1
Bruno Abdel Nour,1
Leonardo Kirche,1
Jonathan Chu,1
Vimuktha De Alwis,1
Enrique Olivares,1
Kasper Warming,1
Tomislav Ternar,1
Matija Zgaga,1
Andre Gaspar Murta,1
Michael Mora,1
Jose Olivares,1
Simon Shen,1
Matt Klinger,1
Soong Jae Cho,1
Luis Haddock,1
Francisco Cabello,1
Tapio Nurminen,1
Bob Borella,1
Faisal Aidil,1
Gert Vilms,1
Juan Lorenzo Gonzalez,1
Lior Mor,1
Paul Haarhuis,1
Jason Stoltenberg,1
Alberto Berasategui,1
Yannick Mertens,1
Alvaro Raposo De Oliveira,1
Marcelo Melo,1
Victor Romero,1
Jing Zhu Yang,1
Rodrigo Rappaccioli,1
Austen Childs,1
Nutthanon Kadchapanan,1
Marc Vilanova,1
Mantas Bugailiskis,1
Mazen Osama,1
Andrei Cherkasov,1
Alex Lopez Moron,1
Ivan Vajda,1
Stefano Cobolli,1
Guillermo Carter,1
Thierry Guardiola,1
Igor Gaudi,1
Peter Tramacchi,1
Nuno Marques,1
Johan Landsberg,1
Sunil Kumar,1
Lucas Arnold Ker,1
David Caldwell,1
Orlin Stanoytchev,1
Radomir Vasek,1
Jan Boruszewski,1
Zbynek Mlynarik,1
Michael Hill,1
Joao Domingues,1
Ayoub Chakrouni,1
Jan Mertl,1
John Hui,1
Norbert Gombos,1
Aljaz Radinski,1
M Abid Ali Khan Akbar,1
Jean Jacques Rakotohasy,1
Hernan Gumy,1
Hady Habib,1
Martin Rodriguez,1
Petr Kralert,1
Igor Kornienko,1
Richey Reneberg,1
Reginald Willems,1
Ivor Grazette,1
Taso Vasiliadis,1
Goran Bosalevski,1
Julien Mathieu,1
Jasper Smit,1
Torsten Popp,1
Victor Bruthans,1
Leonardo Ramirez,1
Goncalo Nicau,1
Stefan Wauters,1
Carlos Alvarez,1
Balazs Veress,1
Mohammed Faizal Bin Othman,1
Igor Chaldounov,1
Vitaliy Pavlov,1
Antoine Breikeh,1
John El Khoury,1
Lauri Kiiski,1
Martin Rmus,1
Jacob Adaktusson,1
Antal Van Der Duim,1
Michel Koning,1
Tetsuya Chaen,1
Marius Tangen,1
Oskar Saarne,1
Mikk Irdoja,1
Charles Irie,1
Oscar Rodriguez Sanchez,1
Sergio Ramirez,1
Sergei Cuptov,1
Hyun Joon Suk,1
Juan Martin Aranguren,1
David Luque Velasco,1
Damian Patriarca,1
Armin Sandbichler,1
Roman Vogeli,1
Tomislav Peric,1
Vishal Uppal,1
Pavel Chekhov,1
Navdeep Singh,1
Hazuan Hizan,1
Mehdi Bouabbane,1
Candy Idoko,1
Lawal Shehu,1
Komlavi Loglo,1
Scott Lipsky,1
G Jones,1
Matteo Marrai,1
Gabriel Trujillo Soler,1
Alberto Brizzi,1
Justin Oneal,1
Jun Chao Xu,1
Yuichi Ito,1
Benedikt Dorsch,1
Clint Bowles,1
Paul Hanley,1
Rami Osman,1
Philip Riise Hansen,1
Mohamed Redha Ouahab,1
Purav Raja,1
Rihards Emulins,1
Catalin Gard,1
Marc Fornell Mestres,1
David Martin,1
Roberto Maytin,1
Stanislav Bykov,1
George Chantouria,1
Jamie Murray,1
Henry Estrella,1
Favel Antonio Freyre Perdomo,1
Patricio Alvarado,1
Luis Javier Cuellar Contreras,1
Ali Ismaeel,1
Henry So,1
Matt Simpson,1
Gilbert Wong,1
Mohamed Wafa,1
Enzo Pigola,1
Sergio Rojas,1
Stefano Pescosolido,1
Ingo Neumuller,1
Frank Moser,1
Jan Weinzierl,1
Raphael Durek,1
Jun Kato,1
Peit Hein Boekel,1
Leroy Tujeehut,1
Jerry Joseph,1
Jose Bernard,1
Andrey Stepanov,1
Jean Nabi,1
Jose Antonio Velazquez,1
Mik Ledvonova,1
Kwasi Ahenkora,1
Nickolai Dyachok,1
Thomas Shimada,1
Jaroslav Levinsky,1
Kamil Capkovic,1
Julio Peralta,1
Sean Karam,1
Lavaughn Munroe,1
Alexandru Andronachi,1
Gabor Jaross,1
Harutyun Sofyan,1
Tiago Godinho,1
Niko Karagiannis,1
Ryan Henry,1
Matthew Behrmann,1
Igor Levine,1
Diego Ayala,1
Andrew Carlson,1
Jay Gooding,1
Christopher Koderisch,1
Hendrik Dreekmann,1
Inam Gul,1
Thomas Haug,1
Zibusiso Ncube,1
Gwinyai Chingoka,1
William Ward,1
Frederick Sundsten,1
Mohammed Noor Noordin,1
Muhammad Khaliq Siddiq,1
Juan Rios,1
Minh Quan Do,1
Alex Clayton,1
Mohammed Abdulla,1
Eric Nunez,1
Steven Korteling,1
Frank Condor,1
Phillip Harboe,1
Zach Dailey,1
Tobias Klein,1
Lars Uebel,1
Vishal Punna,1
Alessandro Camarco,1
Ronaldo Carvalho,1
Sebastian Fitz,1
Diego Moyano,1
Alexander Reichel,1
Lester Cook,1
Adrian Bohane,1
Andres Pedroso,1
Konstantin Don Gruber,1
Juan Luis Tati Rascon,1
Gabriel Pitta,1
Pedro Braga,1
Tripp Phillips,1
Nick Van Der Meer,1
Mathias Hellstrom,1
Piero Demichelli,1
Bruno Rosa,1
Tim Van Rijthoven,1
